url,domain,class,title,prompt,engine,persona,topic
https://ascopubs.org/doi/10.1200/OP.2025.21.10_suppl.55,ascopubs.org,earned,OP.2025.21.10 Suppl,What are the biggest challenges with prior authorization in community oncology?,claude,cro,Prior Authorization
https://www.oncologynewscentral.com/oncology/nearly-9-in-10-cancer-patients-experience-prior-authorization,oncologynewscentral.com,earned,Nearly 9 In 10 Cancer Patients Experience Prior Authorization,What are the biggest challenges with prior authorization in community oncology?,claude,cro,Prior Authorization
https://www.oncologynewscentral.com/article/prior-authorization-rule-wont-fix-oncology-drug-problem,oncologynewscentral.com,earned,Prior Authorization Rule Wont Fix Oncology Drug Problem,What are the biggest challenges with prior authorization in community oncology?,claude,cro,Prior Authorization
https://www.accc-cancer.org/home/learn/financial-advocacy/prior-authorization-clinic,accc-cancer.org,earned,Prior Authorization Clinic,What are the biggest challenges with prior authorization in community oncology?,claude,cro,Prior Authorization
https://www.cancertherapyadvisor.com/features/oncology-prior-authorization-burdens-barriers-to-care/,cancertherapyadvisor.com,earned,Oncology Prior Authorization Burdens Barriers To Care,What are the biggest challenges with prior authorization in community oncology?,claude,cro,Prior Authorization
https://www.astro.org/news-and-publications/news-and-media-center/news-releases/2024/new-astro-survey-finds-that-prior-authorization-delays-lead-to-serious-harm-for-people-with-cancer,astro.org,earned,New Astro Survey Finds That Prior Authorization Delays Lead To Serious Harm For People With Cancer,What are the biggest challenges with prior authorization in community oncology?,claude,cro,Prior Authorization
https://www.accc-cancer.org/acccbuzz/blog-post-template/accc-buzz/2024/02/22/cms-finalizes-rule-to-improve-the-prior-authorization-process,accc-cancer.org,earned,Cms Finalizes Rule To Improve The Prior Authorization Process,What are the biggest challenges with prior authorization in community oncology?,claude,cro,Prior Authorization
https://ashpublications.org/ashclinicalnews/news/7981/Standing-Up-to-Prior-Authorization,ashpublications.org,earned,Standing Up To Prior Authorization,What are the biggest challenges with prior authorization in community oncology?,claude,cro,Prior Authorization
https://www.ncbi.nlm.nih.gov/pmc/articles/PMC11886789/,ncbi.nlm.nih.gov,earned,PMC11886789,What are the biggest challenges with prior authorization in community oncology?,claude,cro,Prior Authorization
https://www.ameridial.com/blog/oncology-revenue-cycle-prior-authorization-crisis/,ameridial.com,earned,Oncology Revenue Cycle Prior Authorization Crisis,What are the biggest challenges with prior authorization in community oncology?,claude,cro,Prior Authorization
https://www.onclive.com/view/prior-authorization-hurdles-delay-oncology-care,onclive.com,earned,Prior Authorization Hurdles Delay Oncology Care,What are the biggest challenges with prior authorization in community oncology?,claude,cro,Prior Authorization
https://www.oncologynewscentral.com/oncology/what-prior-authorization-pledge-might-mean-for-oncology,oncologynewscentral.com,earned,What Prior Authorization Pledge Might Mean For Oncology,What are the biggest challenges with prior authorization in community oncology?,claude,cro,Prior Authorization
https://www.advancesradonc.org/article/S2452-1094(24)00217-3/fulltext,advancesradonc.org,earned,Fulltext,What are the biggest challenges with prior authorization in community oncology?,claude,cro,Prior Authorization
https://pmc.ncbi.nlm.nih.gov/articles/PMC11699354/,pmc.ncbi.nlm.nih.gov,earned,PMC11699354,What are the biggest challenges with prior authorization in community oncology?,claude,cro,Prior Authorization
https://www.asco.org/about-asco/press-center/news-releases/prior-authorization-often-places-burden-patients-with-cancer-delays-care,asco.org,earned,Prior Authorization Often Places Burden Patients With Cancer Delays Care,What are the biggest challenges with prior authorization in community oncology?,claude,cro,Prior Authorization
https://vertexaisearch.cloud.google.com/grounding-api-redirect/AUZIYQEmhwkxzV3ALDnXN948iugzW2bsafH0ac0OIyCBh7nQsjC9Z9p1g_PHqI7Sl3WiWm2MHYyFM1SYXIEYK2ultL7Tw_KUYrtuzeP2bETwqYDtuygZ9PIkFnYp01Ss2NI9Z65SZLVXDB9c1NkhjbMIfC7kp9I=,vertexaisearch.cloud.google.com,earned,AUZIYQEmhwkxzV3ALDnXN948iugzW2bsafH0ac0OIyCBh7nQsjC9Z9p1g PHqI7Sl3WiWm2MHYyFM1SYXIEYK2ultL7Tw KUYrtuzeP2bETwqYDtuygZ9PIkFnYp01Ss2NI9Z65SZLVXDB9c1NkhjbMIfC7kp9I=,What are the biggest challenges with prior authorization in community oncology?,gemini,cro,Prior Authorization
https://vertexaisearch.cloud.google.com/grounding-api-redirect/AUZIYQF5bRw0Ksme_pxEHapJgg93Op4o-HJ4RLaElG7jtatDdFHj6h22EEyXStVu_I8tRNih3sogJRIacLuSkp5JQ7apm0NIxRd7ulDKyjFYsUH7Bi-SOYuSRKKKiCZ-Ch9GLWwcRBHC81-1QTvwdb_uEpbbvqz49zdmFKoONo10WaEy-yWj4BYQUGY=,vertexaisearch.cloud.google.com,earned,AUZIYQF5bRw0Ksme PxEHapJgg93Op4o HJ4RLaElG7jtatDdFHj6h22EEyXStVu I8tRNih3sogJRIacLuSkp5JQ7apm0NIxRd7ulDKyjFYsUH7Bi SOYuSRKKKiCZ Ch9GLWwcRBHC81 1QTvwdb UEpbbvqz49zdmFKoONo10WaEy YWj4BYQUGY=,What are the biggest challenges with prior authorization in community oncology?,gemini,cro,Prior Authorization
https://vertexaisearch.cloud.google.com/grounding-api-redirect/AUZIYQFwxR3jrXnfnX5wmnT9KXmjqhbwomg-hchH0bWy86QrM1PjC3ULAUv2CSFtX133YKCV37L6AXEBNlwCrgOYTC1uqfknBCpVSwlf66RoL7LqVA6SziSY_hqG3xnFgLXVABkaxA5B_qfriDW6suVaw42bc5uNXfaM1pE3wd5af8d2SeL2SemSmUNJB5qWRNyXoBfNTlLchSrYHIRVXMkaKwK_L5j4MiU=,vertexaisearch.cloud.google.com,earned,AUZIYQFwxR3jrXnfnX5wmnT9KXmjqhbwomg HchH0bWy86QrM1PjC3ULAUv2CSFtX133YKCV37L6AXEBNlwCrgOYTC1uqfknBCpVSwlf66RoL7LqVA6SziSY HqG3xnFgLXVABkaxA5B QfriDW6suVaw42bc5uNXfaM1pE3wd5af8d2SeL2SemSmUNJB5qWRNyXoBfNTlLchSrYHIRVXMkaKwK L5j4MiU=,What are the biggest challenges with prior authorization in community oncology?,gemini,cro,Prior Authorization
https://vertexaisearch.cloud.google.com/grounding-api-redirect/AUZIYQHSLFpm9zIssvui4ijAyR_ystP3fvgUZESbU4rqy6EQU4KYzs5pw2wTJxZgk4_nrwmAWXeslGSLRSo6lVVBZotiWu8Lt5Fdscwyn7QnSUeWtl3bLJMgkj4cFnggzZDZwoGrpXKnlWqY7xawQDWE0yxlErVTd1jCv6RXYNITBvotc3O0P2JU5Fgl0i7mDOYo9x44EBBFBlo_oQn3TGGeNNxmq93_fCnE0w==,vertexaisearch.cloud.google.com,earned,AUZIYQHSLFpm9zIssvui4ijAyR YstP3fvgUZESbU4rqy6EQU4KYzs5pw2wTJxZgk4 NrwmAWXeslGSLRSo6lVVBZotiWu8Lt5Fdscwyn7QnSUeWtl3bLJMgkj4cFnggzZDZwoGrpXKnlWqY7xawQDWE0yxlErVTd1jCv6RXYNITBvotc3O0P2JU5Fgl0i7mDOYo9x44EBBFBlo OQn3TGGeNNxmq93 FCnE0w==,What are the biggest challenges with prior authorization in community oncology?,gemini,cro,Prior Authorization
https://vertexaisearch.cloud.google.com/grounding-api-redirect/AUZIYQEi3hanRbcCHu3AKEwswxJyOilnK2Z0qf3TY8mt1BIlFccCqA3ax8EP9Jbfk80eE-pwGFRvEmkONbKtumkAhuMgylnm8akhgJsB6pstdxFvLOtrV_tCYIM9xU52mlRVL89YdPAFR7uzUVAlCXDBLATNAAP6nInlWxe9zNKqQR9VAdEtKL4bz3R5EaXIC5fhu9STu26wHlWF3Ir-wFlUWzWPBX1tcv-53VDDS6bp1GdvvAzT,vertexaisearch.cloud.google.com,earned,AUZIYQEi3hanRbcCHu3AKEwswxJyOilnK2Z0qf3TY8mt1BIlFccCqA3ax8EP9Jbfk80eE PwGFRvEmkONbKtumkAhuMgylnm8akhgJsB6pstdxFvLOtrV TCYIM9xU52mlRVL89YdPAFR7uzUVAlCXDBLATNAAP6nInlWxe9zNKqQR9VAdEtKL4bz3R5EaXIC5fhu9STu26wHlWF3Ir WFlUWzWPBX1tcv 53VDDS6bp1GdvvAzT,What are the biggest challenges with prior authorization in community oncology?,gemini,cro,Prior Authorization
https://vertexaisearch.cloud.google.com/grounding-api-redirect/AUZIYQFqYOps2cZQNENH18Hj4jG-zN_LSHSN3xRCdLtryGTSw-fJfEM8G5Z3czww0bkI66l2Ed1LnajYe0m9b1XNPw62L-jwOH0wwuuyZZ-ijp2GVG8UuIrJkuSkIqg1RXiveXntPjIqOsa_Gi8R740gzePCoUs9PeOOtMeZbAskqCXqXPBcIsB3X1_-sCbR9UHhF_uPRw7UJdxzP0qSupfuBw==,vertexaisearch.cloud.google.com,earned,AUZIYQFqYOps2cZQNENH18Hj4jG ZN LSHSN3xRCdLtryGTSw FJfEM8G5Z3czww0bkI66l2Ed1LnajYe0m9b1XNPw62L JwOH0wwuuyZZ Ijp2GVG8UuIrJkuSkIqg1RXiveXntPjIqOsa Gi8R740gzePCoUs9PeOOtMeZbAskqCXqXPBcIsB3X1  SCbR9UHhF UPRw7UJdxzP0qSupfuBw==,What are the biggest challenges with prior authorization in community oncology?,gemini,cro,Prior Authorization
https://vertexaisearch.cloud.google.com/grounding-api-redirect/AUZIYQHuh3rMzHhYv88u5fTdBbz2CZs_HG7_4nmokm42l92UykhcJ3rPEalAKbA5B1czlkYijZDbFwLjTtOFHq6Vx0zGswGbTFeW-fY64bjUJp-NHaWM4wbYO2ZrdW47GjShF4vyW1T_FRNan7OYlzA4F9axFxvloIEsioHpHo-pLNgBb_W-UUQLxEPZ3f5ivRhivs3j3oynDp3alpjbB_-FWT8qFFH7Wdk4BmjdV3E188LZC9CHxjEBfvIa64AOn1QSPg==,vertexaisearch.cloud.google.com,earned,AUZIYQHuh3rMzHhYv88u5fTdBbz2CZs HG7 4nmokm42l92UykhcJ3rPEalAKbA5B1czlkYijZDbFwLjTtOFHq6Vx0zGswGbTFeW FY64bjUJp NHaWM4wbYO2ZrdW47GjShF4vyW1T FRNan7OYlzA4F9axFxvloIEsioHpHo PLNgBb W UUQLxEPZ3f5ivRhivs3j3oynDp3alpjbB  FWT8qFFH7Wdk4BmjdV3E188LZC9CHxjEBfvIa64AOn1QSPg==,What are the biggest challenges with prior authorization in community oncology?,gemini,cro,Prior Authorization
https://vertexaisearch.cloud.google.com/grounding-api-redirect/AUZIYQFhGhPArXtoz2yK9uXTdDhivC3CPteCtLcbEbDCyh-NUr9Qxr59zANWuXzRjUEuz-qk9DeGFU2lKR2DsmQuSOmFnbBtTpBL5uPLYL17_VdnEwMkjOMLCnVUHvowBOodUmCoR-cZNVCtlKVf9tPzo2a6m_tqymUMw47JmH2IttOjuhr4Ms-HIgF6slOj-cOwBg6hh1ur-2k7IsWeBwiaqfqSult5nngN6tnCKolfKR_YRlzm5ePI5Vzx3IpKL9OIVg==,vertexaisearch.cloud.google.com,earned,AUZIYQFhGhPArXtoz2yK9uXTdDhivC3CPteCtLcbEbDCyh NUr9Qxr59zANWuXzRjUEuz Qk9DeGFU2lKR2DsmQuSOmFnbBtTpBL5uPLYL17 VdnEwMkjOMLCnVUHvowBOodUmCoR CZNVCtlKVf9tPzo2a6m TqymUMw47JmH2IttOjuhr4Ms HIgF6slOj COwBg6hh1ur 2k7IsWeBwiaqfqSult5nngN6tnCKolfKR YRlzm5ePI5Vzx3IpKL9OIVg==,What are the biggest challenges with prior authorization in community oncology?,gemini,cro,Prior Authorization
https://vertexaisearch.cloud.google.com/grounding-api-redirect/AUZIYQGJipXp8SnbWK7LfXGEOwejP6AKJ88hOoAucyU1rF-5SrxkJZ3tPqnNSJjTtMjMK-49Vn4bZ1OjmpEqqAvZ4XxjtK9Sg0JCS8MhPOaRC3mA8n3G8IDrpfIMpyalKBzLjj8OXYyo5_NtItVz2i0puD4Q6TIOBZBSSHUE,vertexaisearch.cloud.google.com,earned,AUZIYQGJipXp8SnbWK7LfXGEOwejP6AKJ88hOoAucyU1rF 5SrxkJZ3tPqnNSJjTtMjMK 49Vn4bZ1OjmpEqqAvZ4XxjtK9Sg0JCS8MhPOaRC3mA8n3G8IDrpfIMpyalKBzLjj8OXYyo5 NtItVz2i0puD4Q6TIOBZBSSHUE,What are the biggest challenges with prior authorization in community oncology?,gemini,cro,Prior Authorization
https://ascopubs.org/doi/10.1200/OP.2025.21.10_suppl.55,ascopubs.org,earned,OP.2025.21.10 Suppl,How do oncology practices handle prior authorization today?,claude,cro,Prior Authorization
https://www.accc-cancer.org/acccbuzz/blog-post-template/accc-buzz/2024/02/22/cms-finalizes-rule-to-improve-the-prior-authorization-process,accc-cancer.org,earned,Cms Finalizes Rule To Improve The Prior Authorization Process,How do oncology practices handle prior authorization today?,claude,cro,Prior Authorization
https://www.accc-cancer.org/home/learn/financial-advocacy/prior-authorization-clinic,accc-cancer.org,earned,Prior Authorization Clinic,How do oncology practices handle prior authorization today?,claude,cro,Prior Authorization
https://www.asco.org/about-asco/press-center/news-releases/prior-authorization-often-places-burden-patients-with-cancer-delays-care,asco.org,earned,Prior Authorization Often Places Burden Patients With Cancer Delays Care,How do oncology practices handle prior authorization today?,claude,cro,Prior Authorization
https://www.astro.org/news-and-publications/news-and-media-center/news-releases/2024/new-astro-survey-finds-that-prior-authorization-delays-lead-to-serious-harm-for-people-with-cancer,astro.org,earned,New Astro Survey Finds That Prior Authorization Delays Lead To Serious Harm For People With Cancer,How do oncology practices handle prior authorization today?,claude,cro,Prior Authorization
https://pmc.ncbi.nlm.nih.gov/articles/PMC12308430/,pmc.ncbi.nlm.nih.gov,earned,PMC12308430,How do oncology practices handle prior authorization today?,claude,cro,Prior Authorization
https://www.cancertherapyadvisor.com/features/prior-authorization-changes-may-ease-burden/,cancertherapyadvisor.com,earned,Prior Authorization Changes May Ease Burden,How do oncology practices handle prior authorization today?,claude,cro,Prior Authorization
https://www.cancertherapyadvisor.com/features/oncology-prior-authorization-burdens-barriers-to-care/,cancertherapyadvisor.com,earned,Oncology Prior Authorization Burdens Barriers To Care,How do oncology practices handle prior authorization today?,claude,cro,Prior Authorization
https://ascopubs.org/doi/10.1200/EDBK_100036,ascopubs.org,earned,EDBK 100036,How do oncology practices handle prior authorization today?,claude,cro,Prior Authorization
https://www.advancesradonc.org/article/S2452-1094(24)00217-3/fulltext,advancesradonc.org,earned,Fulltext,How do oncology practices handle prior authorization today?,claude,cro,Prior Authorization
https://www.insighthealth.ai/blog/top-ai-prior-authorization-software,insighthealth.ai,earned,Top Ai Prior Authorization Software,How do oncology practices handle prior authorization today?,claude,cro,Prior Authorization
https://pmc.ncbi.nlm.nih.gov/articles/PMC12723545/,pmc.ncbi.nlm.nih.gov,earned,PMC12723545,How do oncology practices handle prior authorization today?,claude,cro,Prior Authorization
https://imagineteam.com/how-oncology-can-leverage-automation-to-reduce-prior-authorization-delays/,imagineteam.com,earned,How Oncology Can Leverage Automation To Reduce Prior Authorization Delays,How do oncology practices handle prior authorization today?,claude,cro,Prior Authorization
https://linear.health/blog/best-prior-authorization-software,linear.health,earned,Best Prior Authorization Software,How do oncology practices handle prior authorization today?,claude,cro,Prior Authorization
https://annexmed.com/oncology-prior-authorization,annexmed.com,earned,Oncology Prior Authorization,How do oncology practices handle prior authorization today?,claude,cro,Prior Authorization
https://ustechautomations.com/resources/blog/automate-best-prior-auth-status-software-for-medical-practices-2026,ustechautomations.com,earned,Automate Best Prior Auth Status Software For Medical Practices 2026,How do oncology practices handle prior authorization today?,claude,cro,Prior Authorization
https://www.develophealth.ai/blog/automated-prior-authorization-software,develophealth.ai,earned,Automated Prior Authorization Software,How do oncology practices handle prior authorization today?,claude,cro,Prior Authorization
https://radiologybusiness.com/topics/healthcare-management/healthcare-policy/integrating-prior-authorization-clinical-workflows-cuts-costs-speeds-decisions,radiologybusiness.com,earned,Integrating Prior Authorization Clinical Workflows Cuts Costs Speeds Decisions,How do oncology practices handle prior authorization today?,claude,cro,Prior Authorization
https://omnimd.com/blog/ai-prior-authorization-tools/,omnimd.com,earned,Ai Prior Authorization Tools,How do oncology practices handle prior authorization today?,claude,cro,Prior Authorization
https://imagineteam.com/prior-authorization-automation-to-reduce-administrative-burden-and-accelerate-patient-care/,imagineteam.com,earned,Prior Authorization Automation To Reduce Administrative Burden And Accelerate Patient Care,How do oncology practices handle prior authorization today?,claude,cro,Prior Authorization
https://caretria.com/providers/provider-resources/the-specialty-practice-guide-to-prior-authorization-workflows/?utm_source=openai,caretria.com,earned,The Specialty Practice Guide To Prior Authorization Workflows,How do oncology practices handle prior authorization today?,openai,cro,Prior Authorization
https://www.aans.org/wp-content/uploads/2026/04/Alliance_CRUSH-RFI_FINAL-submitted.pdf?utm_source=openai,aans.org,earned,Alliance CRUSH RFI FINAL Submitted,How do oncology practices handle prior authorization today?,openai,cro,Prior Authorization
https://www.asco.org/news-initiatives/policy-news-analysis/nearly-all-oncology-providers-report-prior-authorization?utm_source=openai,asco.org,earned,Nearly All Oncology Providers Report Prior Authorization,How do oncology practices handle prior authorization today?,openai,cro,Prior Authorization
https://www.hopkinsmedicine.org/news/articles/2026/04/a-call-for-radical-collaboration?utm_source=openai,hopkinsmedicine.org,earned,A Call For Radical Collaboration,How do oncology practices handle prior authorization today?,openai,cro,Prior Authorization
https://www.asco.org/news-initiatives/policy-news-analysis/asco-aims-advance-prior-authorization-automation-codeX-collaboration?utm_source=openai,asco.org,earned,Asco Aims Advance Prior Authorization Automation CodeX Collaboration,How do oncology practices handle prior authorization today?,openai,cro,Prior Authorization
https://imagineteam.com/how-oncology-can-leverage-automation-to-reduce-prior-authorization-delays/?utm_source=openai,imagineteam.com,earned,How Oncology Can Leverage Automation To Reduce Prior Authorization Delays,How do oncology practices handle prior authorization today?,openai,cro,Prior Authorization
https://www.elsevier.com/resources/the-prior-authorization-bottleneck-is-costing-patients-time-they-dont-have?utm_source=openai,elsevier.com,earned,The Prior Authorization Bottleneck Is Costing Patients Time They Dont Have,How do oncology practices handle prior authorization today?,openai,cro,Prior Authorization
https://www.asco.org/about-asco/press-center/news-releases/asco-welcomes-electronic-prior-authorization-proposal?utm_source=openai,asco.org,earned,Asco Welcomes Electronic Prior Authorization Proposal,How do oncology practices handle prior authorization today?,openai,cro,Prior Authorization
https://www.asco.org/news-initiatives/policy-news-analysis/ASCO-Celebrates-Prior-Authorization-Reform-in-the-States?utm_source=openai,asco.org,earned,ASCO Celebrates Prior Authorization Reform In The States,How do oncology practices handle prior authorization today?,openai,cro,Prior Authorization
https://www.oncpracticemanagement.com/issues/2026/march-2026-vol-16-no-2/accc-federal-policy-update-highlights-key-risks-and-opportunities-for-oncology-practices-in-2026?utm_source=openai,oncpracticemanagement.com,earned,Accc Federal Policy Update Highlights Key Risks And Opportunities For Oncology Practices In 2026,How do oncology practices handle prior authorization today?,openai,cro,Prior Authorization
https://www.ons.org/sites/default/files/2026-07/interoperability-and-prior-authorization-for-drugs-6.9.26.pdf?utm_source=openai,ons.org,earned,Interoperability And Prior Authorization For Drugs 6.9.26,How do oncology practices handle prior authorization today?,openai,cro,Prior Authorization
https://vertexaisearch.cloud.google.com/grounding-api-redirect/AUZIYQEtv7ijCkKbT3wwM3byqh-AzFrvqMalWxYoB4q3Pt3_xoDcBcgnalXjo79on_3qzR2tVrDFyAvX6RRXayCZkpFMzqiSWVKV-pRoMUa0frmtgwwDnp1GJifYSB4uN_CE22xzJ5lRLWy4qMFygP-kMEfinZ4dRZMmJzmyVUII-Rr98uFMsvggSEvVWSDatIDJWEAnPGRK15gYgj1apYASiw==,vertexaisearch.cloud.google.com,earned,AUZIYQEtv7ijCkKbT3wwM3byqh AzFrvqMalWxYoB4q3Pt3 XoDcBcgnalXjo79on 3qzR2tVrDFyAvX6RRXayCZkpFMzqiSWVKV PRoMUa0frmtgwwDnp1GJifYSB4uN CE22xzJ5lRLWy4qMFygP KMEfinZ4dRZMmJzmyVUII Rr98uFMsvggSEvVWSDatIDJWEAnPGRK15gYgj1apYASiw==,How do oncology practices handle prior authorization today?,gemini,cro,Prior Authorization
https://vertexaisearch.cloud.google.com/grounding-api-redirect/AUZIYQEXAKGUQRs_cyYgu5mhACk77UoEXiChdYn8jIvZGQbOGbB6NU9K0GO0i87b4xEkx-US6Bg3aMcDFN29A6Hr8kGnH1TGWFXN3VRC4cRXzJlFY679UmHXK5oS3i3iz1t4xA00UIsM7WA49Gur0Qc=,vertexaisearch.cloud.google.com,earned,AUZIYQEXAKGUQRs CyYgu5mhACk77UoEXiChdYn8jIvZGQbOGbB6NU9K0GO0i87b4xEkx US6Bg3aMcDFN29A6Hr8kGnH1TGWFXN3VRC4cRXzJlFY679UmHXK5oS3i3iz1t4xA00UIsM7WA49Gur0Qc=,How do oncology practices handle prior authorization today?,gemini,cro,Prior Authorization
https://vertexaisearch.cloud.google.com/grounding-api-redirect/AUZIYQGFDUQqT5Yw1XswfgvXZ1QTcy9MdgiDtFIJxR9Gkt-CmD0zSSJCN7Un3mIsM_C_hUsSEoT7oRh1LXgHaBWht6PhvxuJveD8zeQ_zeIRYn0yf5EsEYgef33U2ZtBsag68AAMo49J1vfaDB5JForfz4KCMfxeYO3rlVSfp5787bU4wpxtvSNckbqx7RptdhIyvZx_HKJwFNvOk3r9W7NB8Q==,vertexaisearch.cloud.google.com,earned,AUZIYQGFDUQqT5Yw1XswfgvXZ1QTcy9MdgiDtFIJxR9Gkt CmD0zSSJCN7Un3mIsM C HUsSEoT7oRh1LXgHaBWht6PhvxuJveD8zeQ ZeIRYn0yf5EsEYgef33U2ZtBsag68AAMo49J1vfaDB5JForfz4KCMfxeYO3rlVSfp5787bU4wpxtvSNckbqx7RptdhIyvZx HKJwFNvOk3r9W7NB8Q==,How do oncology practices handle prior authorization today?,gemini,cro,Prior Authorization
https://vertexaisearch.cloud.google.com/grounding-api-redirect/AUZIYQE4SeIsrwwPI8hTb7BJQ1bzkEuOqA_bldpdJN39_iIvsfal1ne4GfncTfie60Cygop40hsthqemh-k33A-Ma8_QNADnwzSzFSSgqOioukhsFVcAYQ6jYhvxa1kZ5wzk9c8HkYWULTfq0CLSEKe0VPnrjujeGWLAihSTd8lTgezerT4Gjd9YbbWcLKNr7ucFnDFjnXEhhH2Xdw09RnSKULshko6bIt_VWHD7veFo3aLaV6q9,vertexaisearch.cloud.google.com,earned,AUZIYQE4SeIsrwwPI8hTb7BJQ1bzkEuOqA BldpdJN39 IIvsfal1ne4GfncTfie60Cygop40hsthqemh K33A Ma8 QNADnwzSzFSSgqOioukhsFVcAYQ6jYhvxa1kZ5wzk9c8HkYWULTfq0CLSEKe0VPnrjujeGWLAihSTd8lTgezerT4Gjd9YbbWcLKNr7ucFnDFjnXEhhH2Xdw09RnSKULshko6bIt VWHD7veFo3aLaV6q9,How do oncology practices handle prior authorization today?,gemini,cro,Prior Authorization
https://vertexaisearch.cloud.google.com/grounding-api-redirect/AUZIYQGCSr1lNcvi4E8XumyUw7Eijq1pKC0xBcOrdiFR6Zp1x0EIrbuj_o4NT1j-fpQzVRmAQst1NbhzpRfOOEYCtn1DTn6G0CAxrqxBooYQ4hQ-AMhg-7rQuJrD6JD_kRNOeh7jr6pURvaQKva8KSPIl9k8vaa5m57mbc7tRvkL4wVcmxAQNthvfPwH6paUpv6k_215NGRBxyYHCZhe,vertexaisearch.cloud.google.com,earned,AUZIYQGCSr1lNcvi4E8XumyUw7Eijq1pKC0xBcOrdiFR6Zp1x0EIrbuj O4NT1j FpQzVRmAQst1NbhzpRfOOEYCtn1DTn6G0CAxrqxBooYQ4hQ AMhg 7rQuJrD6JD KRNOeh7jr6pURvaQKva8KSPIl9k8vaa5m57mbc7tRvkL4wVcmxAQNthvfPwH6paUpv6k 215NGRBxyYHCZhe,How do oncology practices handle prior authorization today?,gemini,cro,Prior Authorization
https://vertexaisearch.cloud.google.com/grounding-api-redirect/AUZIYQGGi5OF21qwR_4ErDWDTdySLUoc5IRsNHBNHu-nXkEKZ3H6ynxRVhA9HZudJ4699mgcUc94T6G8RC3kuBg5noTvKdMXROHU9S9MWX8Qh4tgg9R2wA1R1VCElV5EXrGjLZtc8oANA17-HDYdzgC-seLFGsSviDaycWj948xKZe2AfcysJXX3MlpCpLGcofG8biubU03klSTgP0y1svn6j9B0WpI_Zx0rcw==,vertexaisearch.cloud.google.com,earned,AUZIYQGGi5OF21qwR 4ErDWDTdySLUoc5IRsNHBNHu NXkEKZ3H6ynxRVhA9HZudJ4699mgcUc94T6G8RC3kuBg5noTvKdMXROHU9S9MWX8Qh4tgg9R2wA1R1VCElV5EXrGjLZtc8oANA17 HDYdzgC SeLFGsSviDaycWj948xKZe2AfcysJXX3MlpCpLGcofG8biubU03klSTgP0y1svn6j9B0WpI Zx0rcw==,How do oncology practices handle prior authorization today?,gemini,cro,Prior Authorization
https://vertexaisearch.cloud.google.com/grounding-api-redirect/AUZIYQF181jYbcT_CDJjZxyTqA5zw4mIC0QnzqRWUd2xu_SteHKK1f3QB7gyVG-vKOn9gNhe_szRd3uHAOqk5UNn4wsQ5tCqipXYIRKyCxZuDOAf1QNQQ9bAXylWUrdoGifd2HPPI-IsOhi4vHuEa0LMA4SsorKx3HE8PcXlGXBhHdKlKDCCpCdwtjKf4_ydx8UGi9D44Pun4QK4iiSTegtwhiEvM1kRKTE6YyWN,vertexaisearch.cloud.google.com,earned,AUZIYQF181jYbcT CDJjZxyTqA5zw4mIC0QnzqRWUd2xu SteHKK1f3QB7gyVG VKOn9gNhe SzRd3uHAOqk5UNn4wsQ5tCqipXYIRKyCxZuDOAf1QNQQ9bAXylWUrdoGifd2HPPI IsOhi4vHuEa0LMA4SsorKx3HE8PcXlGXBhHdKlKDCCpCdwtjKf4 Ydx8UGi9D44Pun4QK4iiSTegtwhiEvM1kRKTE6YyWN,How do oncology practices handle prior authorization today?,gemini,cro,Prior Authorization
https://vertexaisearch.cloud.google.com/grounding-api-redirect/AUZIYQGX4dkn-iJYQTWloHRbWghFmy8SSJDOYg8YMEkTzkqt8h6P1w7BfC13mTXGMg0ZZ0zNVJlQK04glYgZ1ManmW8XptGESlJkqiON8Ue11Ytgi-7NyPfePbUEWr5vZwTf0JivPZy8O6bgT8BNcFfA-jC51qOAqchp,vertexaisearch.cloud.google.com,earned,AUZIYQGX4dkn IJYQTWloHRbWghFmy8SSJDOYg8YMEkTzkqt8h6P1w7BfC13mTXGMg0ZZ0zNVJlQK04glYgZ1ManmW8XptGESlJkqiON8Ue11Ytgi 7NyPfePbUEWr5vZwTf0JivPZy8O6bgT8BNcFfA JC51qOAqchp,How do oncology practices handle prior authorization today?,gemini,cro,Prior Authorization
https://vertexaisearch.cloud.google.com/grounding-api-redirect/AUZIYQFqpJkBww7V90hjlEkAUNsCSIaRDMa8QR3kdgzep8mtd23mIVr-VC-nrlc0CA2qzhimA9fNBkDtlGS4evrFX1C_nLjSpQhEmTnKqEg3otuaajAXuCfyWo6fVKcu4P3N07zJkIGToPlOqU4rpedmb1hkl5mlGc1oLkukeuAplS2toW2xX1G2aGCkg5wAvOfwkZnP1p614tjXNnNOKyya1HI2jx_OYILaWYszoCmchXVVGVSkGS0gKrxEwPsgfEHL7g==,vertexaisearch.cloud.google.com,earned,AUZIYQFqpJkBww7V90hjlEkAUNsCSIaRDMa8QR3kdgzep8mtd23mIVr VC Nrlc0CA2qzhimA9fNBkDtlGS4evrFX1C NLjSpQhEmTnKqEg3otuaajAXuCfyWo6fVKcu4P3N07zJkIGToPlOqU4rpedmb1hkl5mlGc1oLkukeuAplS2toW2xX1G2aGCkg5wAvOfwkZnP1p614tjXNnNOKyya1HI2jx OYILaWYszoCmchXVVGVSkGS0gKrxEwPsgfEHL7g==,How do oncology practices handle prior authorization today?,gemini,cro,Prior Authorization
https://vertexaisearch.cloud.google.com/grounding-api-redirect/AUZIYQF7t8LzpA_C5DpzfPRjpROiZFFPSKeoWDBtdi6kgu5bwKSFJP6CKs34oo2FdzXeHDC_wc-2tvnQNqLJR_dctv8kgIRIxjlnVTsy37SnL46oZ6dLJ6DrSp_xa2Ly4y9gb4X8qW3kKMxVK0OjYQOKoadT53rNS7eVE0xzmmfx7VZcuta4XFA6tDzs-xxsu4BLv1qE2z2ek8apA-_lTgtXZwvr_HZCDLqxNeS9w-1kNS4b18zLWtpTME6r-Ga26Xc73yAbgjw5qkLqzhKLjYJ6U23wKg==,vertexaisearch.cloud.google.com,earned,AUZIYQF7t8LzpA C5DpzfPRjpROiZFFPSKeoWDBtdi6kgu5bwKSFJP6CKs34oo2FdzXeHDC Wc 2tvnQNqLJR Dctv8kgIRIxjlnVTsy37SnL46oZ6dLJ6DrSp Xa2Ly4y9gb4X8qW3kKMxVK0OjYQOKoadT53rNS7eVE0xzmmfx7VZcuta4XFA6tDzs Xxsu4BLv1qE2z2ek8apA  LTgtXZwvr HZCDLqxNeS9w 1kNS4b18zLWtpTME6r Ga26Xc73yAbgjw5qkLqzhKLjYJ6U23wKg==,How do oncology practices handle prior authorization today?,gemini,cro,Prior Authorization
https://vertexaisearch.cloud.google.com/grounding-api-redirect/AUZIYQEMIZwUT4feX0VBNbxJmUOk7G6aNRLxLXn4Q88XWTs3pFaAvQ5KLsmVnCHaBGSGAuidJxiFO2PrD92NlFGxWizfg_-99W23HtvowJtRYCM14pE7eD67kWfw2Z_RcFF3E3eGs6kR_rVtVGeQGCie,vertexaisearch.cloud.google.com,earned,AUZIYQEMIZwUT4feX0VBNbxJmUOk7G6aNRLxLXn4Q88XWTs3pFaAvQ5KLsmVnCHaBGSGAuidJxiFO2PrD92NlFGxWizfg  99W23HtvowJtRYCM14pE7eD67kWfw2Z RcFF3E3eGs6kR RVtVGeQGCie,How do oncology practices handle prior authorization today?,gemini,cro,Prior Authorization
https://vertexaisearch.cloud.google.com/grounding-api-redirect/AUZIYQGBiSD0A8qnX8udW6SHtQY-ch8kLofSQOUy4S1pm4feSMzgUCHnpsIrTwgmPVk752P_pR_BKA_piDHd8axwHkjNaoj5CDrJkb_tuyUWxAnsx8EukfES2p7BjxFHEA_a9UP-HbS2Xq7aDzkJHwO5ZhSs7L40DfuyLo57j9VXt25c-rJeJT_kQvNgt_ONdkRkkDNbOBkEpbaM,vertexaisearch.cloud.google.com,earned,AUZIYQGBiSD0A8qnX8udW6SHtQY Ch8kLofSQOUy4S1pm4feSMzgUCHnpsIrTwgmPVk752P PR BKA PiDHd8axwHkjNaoj5CDrJkb TuyUWxAnsx8EukfES2p7BjxFHEA A9UP HbS2Xq7aDzkJHwO5ZhSs7L40DfuyLo57j9VXt25c RJeJT KQvNgt ONdkRkkDNbOBkEpbaM,How do oncology practices handle prior authorization today?,gemini,cro,Prior Authorization
https://vertexaisearch.cloud.google.com/grounding-api-redirect/AUZIYQH-ok95kfTkEydEo7d-RCblefv7e9S3wpgrqtlP4b0clFIRcLfoVxXT75G-Z_8LRR6XOkDenGD2PDNjZt5wC4SGvfkNJTuSCcbnnhd9m0hReR0TKgPCcXLfOozInRIf9zvKjOCJseHP6YaEhp4LydJW18g0Q52tlPVToeysYivVdSE_qR9aogvFCf76p8Xyikgb60y_hGOaxoWqpSjYpJMSmCZTgUCGWq05lw==,vertexaisearch.cloud.google.com,earned,AUZIYQH Ok95kfTkEydEo7d RCblefv7e9S3wpgrqtlP4b0clFIRcLfoVxXT75G Z 8LRR6XOkDenGD2PDNjZt5wC4SGvfkNJTuSCcbnnhd9m0hReR0TKgPCcXLfOozInRIf9zvKjOCJseHP6YaEhp4LydJW18g0Q52tlPVToeysYivVdSE QR9aogvFCf76p8Xyikgb60y HGOaxoWqpSjYpJMSmCZTgUCGWq05lw==,How do oncology practices handle prior authorization today?,gemini,cro,Prior Authorization
https://vertexaisearch.cloud.google.com/grounding-api-redirect/AUZIYQEiombV4jYmTrokiSnB1e71HTMgKE8VeNqJUdiJGjaKzTglFHCaa53kJ-Cd1qglcv8QaV7mYtW07mRa9Tqs5HP7U8aKcWbKmlqcL98VtXxsxjnCjGTvjEA5QugRVB74ICD-_FRekyqe1bYhekzKvGqQspl4lfzJ4XPx0P9w,vertexaisearch.cloud.google.com,earned,AUZIYQEiombV4jYmTrokiSnB1e71HTMgKE8VeNqJUdiJGjaKzTglFHCaa53kJ Cd1qglcv8QaV7mYtW07mRa9Tqs5HP7U8aKcWbKmlqcL98VtXxsxjnCjGTvjEA5QugRVB74ICD  FRekyqe1bYhekzKvGqQspl4lfzJ4XPx0P9w,How do oncology practices handle prior authorization today?,gemini,cro,Prior Authorization