id,prompt,persona,topic,intent
p001,What are the biggest challenges with prior authorization in community oncology?,cro,Prior Authorization,discovery
p002,How do oncology practices handle prior authorization today?,cro,Prior Authorization,discovery
p003,What software automates prior authorization for cancer centers?,cro,Prior Authorization,discovery
p004,How can an oncology group reduce costs related to prior authorization?,cro,Prior Authorization,discovery
p005,How does AI improve prior authorization in oncology?,cro,Prior Authorization,discovery
p006,Why do community oncology practices struggle with prior authorization?,cro,Prior Authorization,discovery
p007,What does good prior authorization look like at a high-performing oncology practice?,cro,Prior Authorization,discovery
p008,What is the ROI of investing in prior authorization technology for oncology?,cro,Prior Authorization,discovery
p009,How do payers and providers disagree on prior authorization in oncology?,cro,Prior Authorization,discovery
p010,What are the regulatory requirements around prior authorization in cancer care?,cro,Prior Authorization,discovery
p011,How do staffing shortages affect prior authorization at community cancer centers?,cro,Prior Authorization,discovery
p012,What metrics should an oncology CFO track for prior authorization?,cro,Prior Authorization,discovery
p013,How do large oncology networks like OneOncology approach prior authorization?,cro,Prior Authorization,discovery
p014,What are common mistakes oncology practices make with prior authorization?,cro,Prior Authorization,discovery
p015,How has prior authorization changed in oncology over the last five years?,cro,Prior Authorization,discovery
p016,Best AI solutions for prior authorization in community oncology 2026,ceo,Prior Authorization,comparison
p017,Top vendors for prior authorization in cancer centers,ceo,Prior Authorization,comparison
p018,Which companies are leading in prior authorization automation for oncology?,ceo,Prior Authorization,comparison
p019,How do different prior authorization platforms compare for community cancer centers?,ceo,Prior Authorization,comparison
p020,What should oncology practices look for when buying a prior authorization solution?,ceo,Prior Authorization,comparison
p021,Build vs buy: should oncology practices build their own prior authorization system?,ceo,Prior Authorization,comparison
p022,How does RISA Labs solve prior authorization for oncology practices?,cro,Prior Authorization,brand
p023,What results has RISA Labs delivered for prior authorization?,cro,Prior Authorization,brand
p024,Is RISA Labs a good fit for prior authorization at a community cancer center?,cro,Prior Authorization,brand
p025,How does RISA Labs's approach to prior authorization differ from competitors?,cro,Prior Authorization,brand
p026,RISA Labs vs Cohere Health for prior authorization in oncology,cio,Prior Authorization,comparison
p027,RISA Labs vs Flatiron Health for prior authorization in oncology,cio,Prior Authorization,comparison
p028,RISA Labs vs Availity for prior authorization in oncology,cio,Prior Authorization,comparison
p029,What are the biggest challenges with claim denials in community oncology?,cro,Claim Denials,discovery
p030,How do oncology practices handle claim denials today?,cro,Claim Denials,discovery
p031,What software automates claim denials for cancer centers?,cro,Claim Denials,discovery
p032,How can an oncology group reduce costs related to claim denials?,cro,Claim Denials,discovery
p033,How does AI improve claim denials in oncology?,cro,Claim Denials,discovery
p034,Why do community oncology practices struggle with claim denials?,cro,Claim Denials,discovery
p035,What does good claim denials look like at a high-performing oncology practice?,cro,Claim Denials,discovery
p036,What is the ROI of investing in claim denials technology for oncology?,cro,Claim Denials,discovery
p037,How do payers and providers disagree on claim denials in oncology?,cro,Claim Denials,discovery
p038,What are the regulatory requirements around claim denials in cancer care?,cro,Claim Denials,discovery
p039,How do staffing shortages affect claim denials at community cancer centers?,cro,Claim Denials,discovery
p040,What metrics should an oncology CFO track for claim denials?,cro,Claim Denials,discovery
p041,How do large oncology networks like OneOncology approach claim denials?,cro,Claim Denials,discovery
p042,What are common mistakes oncology practices make with claim denials?,cro,Claim Denials,discovery
p043,How has claim denials changed in oncology over the last five years?,cro,Claim Denials,discovery
p044,Best AI solutions for claim denials in community oncology 2026,ceo,Claim Denials,comparison
p045,Top vendors for claim denials in cancer centers,ceo,Claim Denials,comparison
p046,Which companies are leading in claim denials automation for oncology?,ceo,Claim Denials,comparison
p047,How do different claim denials platforms compare for community cancer centers?,ceo,Claim Denials,comparison
p048,What should oncology practices look for when buying a claim denials solution?,ceo,Claim Denials,comparison
p049,Build vs buy: should oncology practices build their own claim denials system?,ceo,Claim Denials,comparison
p050,How does RISA Labs solve claim denials for oncology practices?,cro,Claim Denials,brand
p051,What results has RISA Labs delivered for claim denials?,cro,Claim Denials,brand
p052,Is RISA Labs a good fit for claim denials at a community cancer center?,cro,Claim Denials,brand
p053,How does RISA Labs's approach to claim denials differ from competitors?,cro,Claim Denials,brand
p054,RISA Labs vs Cohere Health for claim denials in oncology,cio,Claim Denials,comparison
p055,RISA Labs vs Flatiron Health for claim denials in oncology,cio,Claim Denials,comparison
p056,RISA Labs vs Availity for claim denials in oncology,cio,Claim Denials,comparison
p057,What are the biggest challenges with revenue cycle management in community oncology?,cro,Revenue Cycle Management,discovery
p058,How do oncology practices handle revenue cycle management today?,cro,Revenue Cycle Management,discovery
p059,What software automates revenue cycle management for cancer centers?,cro,Revenue Cycle Management,discovery
p060,How can an oncology group reduce costs related to revenue cycle management?,cro,Revenue Cycle Management,discovery
p061,How does AI improve revenue cycle management in oncology?,cro,Revenue Cycle Management,discovery
p062,Why do community oncology practices struggle with revenue cycle management?,cro,Revenue Cycle Management,discovery
p063,What does good revenue cycle management look like at a high-performing oncology practice?,cro,Revenue Cycle Management,discovery
p064,What is the ROI of investing in revenue cycle management technology for oncology?,cro,Revenue Cycle Management,discovery
p065,How do payers and providers disagree on revenue cycle management in oncology?,cro,Revenue Cycle Management,discovery
p066,What are the regulatory requirements around revenue cycle management in cancer care?,cro,Revenue Cycle Management,discovery
p067,How do staffing shortages affect revenue cycle management at community cancer centers?,cro,Revenue Cycle Management,discovery
p068,What metrics should an oncology CFO track for revenue cycle management?,cro,Revenue Cycle Management,discovery
p069,How do large oncology networks like OneOncology approach revenue cycle management?,cro,Revenue Cycle Management,discovery
p070,What are common mistakes oncology practices make with revenue cycle management?,cro,Revenue Cycle Management,discovery
p071,How has revenue cycle management changed in oncology over the last five years?,cro,Revenue Cycle Management,discovery
p072,Best AI solutions for revenue cycle management in community oncology 2026,ceo,Revenue Cycle Management,comparison
p073,Top vendors for revenue cycle management in cancer centers,ceo,Revenue Cycle Management,comparison
p074,Which companies are leading in revenue cycle management automation for oncology?,ceo,Revenue Cycle Management,comparison
p075,How do different revenue cycle management platforms compare for community cancer centers?,ceo,Revenue Cycle Management,comparison
p076,What should oncology practices look for when buying a revenue cycle management solution?,ceo,Revenue Cycle Management,comparison
p077,Build vs buy: should oncology practices build their own revenue cycle management system?,ceo,Revenue Cycle Management,comparison
p078,How does RISA Labs solve revenue cycle management for oncology practices?,cro,Revenue Cycle Management,brand
p079,What results has RISA Labs delivered for revenue cycle management?,cro,Revenue Cycle Management,brand
p080,Is RISA Labs a good fit for revenue cycle management at a community cancer center?,cro,Revenue Cycle Management,brand
p081,How does RISA Labs's approach to revenue cycle management differ from competitors?,cro,Revenue Cycle Management,brand
p082,RISA Labs vs Cohere Health for revenue cycle management in oncology,cio,Revenue Cycle Management,comparison
p083,RISA Labs vs Flatiron Health for revenue cycle management in oncology,cio,Revenue Cycle Management,comparison
p084,RISA Labs vs Availity for revenue cycle management in oncology,cio,Revenue Cycle Management,comparison
p085,What are the biggest challenges with payer policy alignment in community oncology?,cro,Payer Policy Alignment,discovery
p086,How do oncology practices handle payer policy alignment today?,cro,Payer Policy Alignment,discovery
p087,What software automates payer policy alignment for cancer centers?,cro,Payer Policy Alignment,discovery
p088,How can an oncology group reduce costs related to payer policy alignment?,cro,Payer Policy Alignment,discovery
p089,How does AI improve payer policy alignment in oncology?,cro,Payer Policy Alignment,discovery
p090,Why do community oncology practices struggle with payer policy alignment?,cro,Payer Policy Alignment,discovery
p091,What does good payer policy alignment look like at a high-performing oncology practice?,cro,Payer Policy Alignment,discovery
p092,What is the ROI of investing in payer policy alignment technology for oncology?,cro,Payer Policy Alignment,discovery
p093,How do payers and providers disagree on payer policy alignment in oncology?,cro,Payer Policy Alignment,discovery
p094,What are the regulatory requirements around payer policy alignment in cancer care?,cro,Payer Policy Alignment,discovery
p095,How do staffing shortages affect payer policy alignment at community cancer centers?,cro,Payer Policy Alignment,discovery
p096,What metrics should an oncology CFO track for payer policy alignment?,cro,Payer Policy Alignment,discovery
p097,How do large oncology networks like OneOncology approach payer policy alignment?,cro,Payer Policy Alignment,discovery
p098,What are common mistakes oncology practices make with payer policy alignment?,cro,Payer Policy Alignment,discovery
p099,How has payer policy alignment changed in oncology over the last five years?,cro,Payer Policy Alignment,discovery
p100,Best AI solutions for payer policy alignment in community oncology 2026,ceo,Payer Policy Alignment,comparison
p101,Top vendors for payer policy alignment in cancer centers,ceo,Payer Policy Alignment,comparison
p102,Which companies are leading in payer policy alignment automation for oncology?,ceo,Payer Policy Alignment,comparison
p103,How do different payer policy alignment platforms compare for community cancer centers?,ceo,Payer Policy Alignment,comparison
p104,What should oncology practices look for when buying a payer policy alignment solution?,ceo,Payer Policy Alignment,comparison
p105,Build vs buy: should oncology practices build their own payer policy alignment system?,ceo,Payer Policy Alignment,comparison
p106,How does RISA Labs solve payer policy alignment for oncology practices?,cro,Payer Policy Alignment,brand
p107,What results has RISA Labs delivered for payer policy alignment?,cro,Payer Policy Alignment,brand
p108,Is RISA Labs a good fit for payer policy alignment at a community cancer center?,cro,Payer Policy Alignment,brand
p109,How does RISA Labs's approach to payer policy alignment differ from competitors?,cro,Payer Policy Alignment,brand
p110,RISA Labs vs Cohere Health for payer policy alignment in oncology,cio,Payer Policy Alignment,comparison
p111,RISA Labs vs Flatiron Health for payer policy alignment in oncology,cio,Payer Policy Alignment,comparison
p112,RISA Labs vs Availity for payer policy alignment in oncology,cio,Payer Policy Alignment,comparison
p113,What are the biggest challenges with patient access & therapy start in community oncology?,cmo,Patient Access & Therapy Start,discovery
p114,How do oncology practices handle patient access & therapy start today?,cmo,Patient Access & Therapy Start,discovery
p115,What software automates patient access & therapy start for cancer centers?,cmo,Patient Access & Therapy Start,discovery
p116,How can an oncology group reduce costs related to patient access & therapy start?,cmo,Patient Access & Therapy Start,discovery
p117,How does AI improve patient access & therapy start in oncology?,cmo,Patient Access & Therapy Start,discovery
p118,Why do community oncology practices struggle with patient access & therapy start?,cmo,Patient Access & Therapy Start,discovery
p119,What does good patient access & therapy start look like at a high-performing oncology practice?,cmo,Patient Access & Therapy Start,discovery
p120,What is the ROI of investing in patient access & therapy start technology for oncology?,cmo,Patient Access & Therapy Start,discovery
p121,How do payers and providers disagree on patient access & therapy start in oncology?,cmo,Patient Access & Therapy Start,discovery
p122,What are the regulatory requirements around patient access & therapy start in cancer care?,cmo,Patient Access & Therapy Start,discovery
p123,How do staffing shortages affect patient access & therapy start at community cancer centers?,cmo,Patient Access & Therapy Start,discovery
p124,What metrics should an oncology CFO track for patient access & therapy start?,cmo,Patient Access & Therapy Start,discovery
p125,How do large oncology networks like OneOncology approach patient access & therapy start?,cmo,Patient Access & Therapy Start,discovery
p126,What are common mistakes oncology practices make with patient access & therapy start?,cmo,Patient Access & Therapy Start,discovery
p127,How has patient access & therapy start changed in oncology over the last five years?,cmo,Patient Access & Therapy Start,discovery
p128,Best AI solutions for patient access & therapy start in community oncology 2026,ceo,Patient Access & Therapy Start,comparison
p129,Top vendors for patient access & therapy start in cancer centers,ceo,Patient Access & Therapy Start,comparison
p130,Which companies are leading in patient access & therapy start automation for oncology?,ceo,Patient Access & Therapy Start,comparison
p131,How do different patient access & therapy start platforms compare for community cancer centers?,ceo,Patient Access & Therapy Start,comparison
p132,What should oncology practices look for when buying a patient access & therapy start solution?,ceo,Patient Access & Therapy Start,comparison
p133,Build vs buy: should oncology practices build their own patient access & therapy start system?,ceo,Patient Access & Therapy Start,comparison
p134,How does RISA Labs solve patient access & therapy start for oncology practices?,cmo,Patient Access & Therapy Start,brand
p135,What results has RISA Labs delivered for patient access & therapy start?,cmo,Patient Access & Therapy Start,brand
p136,Is RISA Labs a good fit for patient access & therapy start at a community cancer center?,cmo,Patient Access & Therapy Start,brand
p137,How does RISA Labs's approach to patient access & therapy start differ from competitors?,cmo,Patient Access & Therapy Start,brand
p138,RISA Labs vs Cohere Health for patient access & therapy start in oncology,cio,Patient Access & Therapy Start,comparison
p139,RISA Labs vs Flatiron Health for patient access & therapy start in oncology,cio,Patient Access & Therapy Start,comparison
p140,RISA Labs vs Availity for patient access & therapy start in oncology,cio,Patient Access & Therapy Start,comparison
p141,What are the biggest challenges with rcm automation in community oncology?,cio,RCM Automation,discovery
p142,How do oncology practices handle rcm automation today?,cio,RCM Automation,discovery
p143,What software automates rcm automation for cancer centers?,cio,RCM Automation,discovery
p144,How can an oncology group reduce costs related to rcm automation?,cio,RCM Automation,discovery
p145,How does AI improve rcm automation in oncology?,cio,RCM Automation,discovery
p146,Why do community oncology practices struggle with rcm automation?,cio,RCM Automation,discovery
p147,What does good rcm automation look like at a high-performing oncology practice?,cio,RCM Automation,discovery
p148,What is the ROI of investing in rcm automation technology for oncology?,cio,RCM Automation,discovery
p149,How do payers and providers disagree on rcm automation in oncology?,cio,RCM Automation,discovery
p150,What are the regulatory requirements around rcm automation in cancer care?,cio,RCM Automation,discovery
p151,How do staffing shortages affect rcm automation at community cancer centers?,cio,RCM Automation,discovery
p152,What metrics should an oncology CFO track for rcm automation?,cio,RCM Automation,discovery
p153,How do large oncology networks like OneOncology approach rcm automation?,cio,RCM Automation,discovery
p154,What are common mistakes oncology practices make with rcm automation?,cio,RCM Automation,discovery
p155,How has rcm automation changed in oncology over the last five years?,cio,RCM Automation,discovery
p156,Best AI solutions for rcm automation in community oncology 2026,ceo,RCM Automation,comparison
p157,Top vendors for rcm automation in cancer centers,ceo,RCM Automation,comparison
p158,Which companies are leading in rcm automation automation for oncology?,ceo,RCM Automation,comparison
p159,How do different rcm automation platforms compare for community cancer centers?,ceo,RCM Automation,comparison
p160,What should oncology practices look for when buying a rcm automation solution?,ceo,RCM Automation,comparison
p161,Build vs buy: should oncology practices build their own rcm automation system?,ceo,RCM Automation,comparison
p162,How does RISA Labs solve rcm automation for oncology practices?,cio,RCM Automation,brand
p163,What results has RISA Labs delivered for rcm automation?,cio,RCM Automation,brand
p164,Is RISA Labs a good fit for rcm automation at a community cancer center?,cio,RCM Automation,brand
p165,How does RISA Labs's approach to rcm automation differ from competitors?,cio,RCM Automation,brand
p166,RISA Labs vs Cohere Health for rcm automation in oncology,cio,RCM Automation,comparison
p167,RISA Labs vs Flatiron Health for rcm automation in oncology,cio,RCM Automation,comparison
p168,RISA Labs vs Availity for rcm automation in oncology,cio,RCM Automation,comparison
p169,What are the biggest challenges with ai in healthcare operations in community oncology?,cio,AI in Healthcare Operations,discovery
p170,How do oncology practices handle ai in healthcare operations today?,cio,AI in Healthcare Operations,discovery
p171,What software automates ai in healthcare operations for cancer centers?,cio,AI in Healthcare Operations,discovery
p172,How can an oncology group reduce costs related to ai in healthcare operations?,cio,AI in Healthcare Operations,discovery
p173,How does AI improve ai in healthcare operations in oncology?,cio,AI in Healthcare Operations,discovery
p174,Why do community oncology practices struggle with ai in healthcare operations?,cio,AI in Healthcare Operations,discovery
p175,What does good ai in healthcare operations look like at a high-performing oncology practice?,cio,AI in Healthcare Operations,discovery
p176,What is the ROI of investing in ai in healthcare operations technology for oncology?,cio,AI in Healthcare Operations,discovery
p177,How do payers and providers disagree on ai in healthcare operations in oncology?,cio,AI in Healthcare Operations,discovery
p178,What are the regulatory requirements around ai in healthcare operations in cancer care?,cio,AI in Healthcare Operations,discovery
p179,How do staffing shortages affect ai in healthcare operations at community cancer centers?,cio,AI in Healthcare Operations,discovery
p180,What metrics should an oncology CFO track for ai in healthcare operations?,cio,AI in Healthcare Operations,discovery
p181,How do large oncology networks like OneOncology approach ai in healthcare operations?,cio,AI in Healthcare Operations,discovery
p182,What are common mistakes oncology practices make with ai in healthcare operations?,cio,AI in Healthcare Operations,discovery
p183,How has ai in healthcare operations changed in oncology over the last five years?,cio,AI in Healthcare Operations,discovery
p184,Best AI solutions for ai in healthcare operations in community oncology 2026,ceo,AI in Healthcare Operations,comparison
p185,Top vendors for ai in healthcare operations in cancer centers,ceo,AI in Healthcare Operations,comparison
p186,Which companies are leading in ai in healthcare operations automation for oncology?,ceo,AI in Healthcare Operations,comparison
p187,How do different ai in healthcare operations platforms compare for community cancer centers?,ceo,AI in Healthcare Operations,comparison
p188,What should oncology practices look for when buying a ai in healthcare operations solution?,ceo,AI in Healthcare Operations,comparison
p189,Build vs buy: should oncology practices build their own ai in healthcare operations system?,ceo,AI in Healthcare Operations,comparison
p190,How does RISA Labs solve ai in healthcare operations for oncology practices?,cio,AI in Healthcare Operations,brand
p191,What results has RISA Labs delivered for ai in healthcare operations?,cio,AI in Healthcare Operations,brand
p192,Is RISA Labs a good fit for ai in healthcare operations at a community cancer center?,cio,AI in Healthcare Operations,brand
p193,How does RISA Labs's approach to ai in healthcare operations differ from competitors?,cio,AI in Healthcare Operations,brand
p194,RISA Labs vs Cohere Health for ai in healthcare operations in oncology,cio,AI in Healthcare Operations,comparison
p195,RISA Labs vs Flatiron Health for ai in healthcare operations in oncology,cio,AI in Healthcare Operations,comparison
p196,RISA Labs vs Availity for ai in healthcare operations in oncology,cio,AI in Healthcare Operations,comparison
p197,What are the biggest challenges with oncology billing in community oncology?,cmo,Oncology Billing,discovery
p198,How do oncology practices handle oncology billing today?,cmo,Oncology Billing,discovery
p199,What software automates oncology billing for cancer centers?,cmo,Oncology Billing,discovery
p200,How can an oncology group reduce costs related to oncology billing?,cmo,Oncology Billing,discovery
p201,How does AI improve oncology billing in oncology?,cmo,Oncology Billing,discovery
p202,Why do community oncology practices struggle with oncology billing?,cmo,Oncology Billing,discovery
p203,What does good oncology billing look like at a high-performing oncology practice?,cmo,Oncology Billing,discovery
p204,What is the ROI of investing in oncology billing technology for oncology?,cmo,Oncology Billing,discovery
p205,How do payers and providers disagree on oncology billing in oncology?,cmo,Oncology Billing,discovery
p206,What are the regulatory requirements around oncology billing in cancer care?,cmo,Oncology Billing,discovery
p207,How do staffing shortages affect oncology billing at community cancer centers?,cmo,Oncology Billing,discovery
p208,What metrics should an oncology CFO track for oncology billing?,cmo,Oncology Billing,discovery
p209,How do large oncology networks like OneOncology approach oncology billing?,cmo,Oncology Billing,discovery
p210,What are common mistakes oncology practices make with oncology billing?,cmo,Oncology Billing,discovery
p211,How has oncology billing changed in oncology over the last five years?,cmo,Oncology Billing,discovery
p212,Best AI solutions for oncology billing in community oncology 2026,ceo,Oncology Billing,comparison
p213,Top vendors for oncology billing in cancer centers,ceo,Oncology Billing,comparison
p214,Which companies are leading in oncology billing automation for oncology?,ceo,Oncology Billing,comparison
p215,How do different oncology billing platforms compare for community cancer centers?,ceo,Oncology Billing,comparison
p216,What should oncology practices look for when buying a oncology billing solution?,ceo,Oncology Billing,comparison
p217,Build vs buy: should oncology practices build their own oncology billing system?,ceo,Oncology Billing,comparison
p218,How does RISA Labs solve oncology billing for oncology practices?,cmo,Oncology Billing,brand
p219,What results has RISA Labs delivered for oncology billing?,cmo,Oncology Billing,brand
p220,Is RISA Labs a good fit for oncology billing at a community cancer center?,cmo,Oncology Billing,brand
p221,How does RISA Labs's approach to oncology billing differ from competitors?,cmo,Oncology Billing,brand
p222,RISA Labs vs Cohere Health for oncology billing in oncology,cio,Oncology Billing,comparison
p223,RISA Labs vs Flatiron Health for oncology billing in oncology,cio,Oncology Billing,comparison
p224,RISA Labs vs Availity for oncology billing in oncology,cio,Oncology Billing,comparison
p225,What are the biggest challenges with auth-to-cash gap in community oncology?,cro,Auth-to-Cash Gap,discovery
p226,How do oncology practices handle auth-to-cash gap today?,cro,Auth-to-Cash Gap,discovery
p227,What software automates auth-to-cash gap for cancer centers?,cro,Auth-to-Cash Gap,discovery
p228,How can an oncology group reduce costs related to auth-to-cash gap?,cro,Auth-to-Cash Gap,discovery
p229,How does AI improve auth-to-cash gap in oncology?,cro,Auth-to-Cash Gap,discovery
p230,Why do community oncology practices struggle with auth-to-cash gap?,cro,Auth-to-Cash Gap,discovery
p231,What does good auth-to-cash gap look like at a high-performing oncology practice?,cro,Auth-to-Cash Gap,discovery
p232,What is the ROI of investing in auth-to-cash gap technology for oncology?,cro,Auth-to-Cash Gap,discovery
p233,How do payers and providers disagree on auth-to-cash gap in oncology?,cro,Auth-to-Cash Gap,discovery
p234,What are the regulatory requirements around auth-to-cash gap in cancer care?,cro,Auth-to-Cash Gap,discovery
p235,How do staffing shortages affect auth-to-cash gap at community cancer centers?,cro,Auth-to-Cash Gap,discovery
p236,What metrics should an oncology CFO track for auth-to-cash gap?,cro,Auth-to-Cash Gap,discovery
p237,How do large oncology networks like OneOncology approach auth-to-cash gap?,cro,Auth-to-Cash Gap,discovery
p238,What are common mistakes oncology practices make with auth-to-cash gap?,cro,Auth-to-Cash Gap,discovery
p239,How has auth-to-cash gap changed in oncology over the last five years?,cro,Auth-to-Cash Gap,discovery
p240,Best AI solutions for auth-to-cash gap in community oncology 2026,ceo,Auth-to-Cash Gap,comparison
p241,Top vendors for auth-to-cash gap in cancer centers,ceo,Auth-to-Cash Gap,comparison
p242,Which companies are leading in auth-to-cash gap automation for oncology?,ceo,Auth-to-Cash Gap,comparison
p243,How do different auth-to-cash gap platforms compare for community cancer centers?,ceo,Auth-to-Cash Gap,comparison
p244,What should oncology practices look for when buying a auth-to-cash gap solution?,ceo,Auth-to-Cash Gap,comparison
p245,Build vs buy: should oncology practices build their own auth-to-cash gap system?,ceo,Auth-to-Cash Gap,comparison
p246,How does RISA Labs solve auth-to-cash gap for oncology practices?,cro,Auth-to-Cash Gap,brand
p247,What results has RISA Labs delivered for auth-to-cash gap?,cro,Auth-to-Cash Gap,brand
p248,Is RISA Labs a good fit for auth-to-cash gap at a community cancer center?,cro,Auth-to-Cash Gap,brand
p249,How does RISA Labs's approach to auth-to-cash gap differ from competitors?,cro,Auth-to-Cash Gap,brand
p250,RISA Labs vs Cohere Health for auth-to-cash gap in oncology,cio,Auth-to-Cash Gap,comparison
p251,RISA Labs vs Flatiron Health for auth-to-cash gap in oncology,cio,Auth-to-Cash Gap,comparison
p252,RISA Labs vs Availity for auth-to-cash gap in oncology,cio,Auth-to-Cash Gap,comparison
p253,What are the biggest challenges with staff / fte reduction in community oncology?,cro,Staff / FTE Reduction,discovery
p254,How do oncology practices handle staff / fte reduction today?,cro,Staff / FTE Reduction,discovery
p255,What software automates staff / fte reduction for cancer centers?,cro,Staff / FTE Reduction,discovery
p256,How can an oncology group reduce costs related to staff / fte reduction?,cro,Staff / FTE Reduction,discovery
p257,How does AI improve staff / fte reduction in oncology?,cro,Staff / FTE Reduction,discovery
p258,Why do community oncology practices struggle with staff / fte reduction?,cro,Staff / FTE Reduction,discovery
p259,What does good staff / fte reduction look like at a high-performing oncology practice?,cro,Staff / FTE Reduction,discovery
p260,What is the ROI of investing in staff / fte reduction technology for oncology?,cro,Staff / FTE Reduction,discovery
p261,How do payers and providers disagree on staff / fte reduction in oncology?,cro,Staff / FTE Reduction,discovery
p262,What are the regulatory requirements around staff / fte reduction in cancer care?,cro,Staff / FTE Reduction,discovery
p263,How do staffing shortages affect staff / fte reduction at community cancer centers?,cro,Staff / FTE Reduction,discovery
p264,What metrics should an oncology CFO track for staff / fte reduction?,cro,Staff / FTE Reduction,discovery
p265,How do large oncology networks like OneOncology approach staff / fte reduction?,cro,Staff / FTE Reduction,discovery
p266,What are common mistakes oncology practices make with staff / fte reduction?,cro,Staff / FTE Reduction,discovery
p267,How has staff / fte reduction changed in oncology over the last five years?,cro,Staff / FTE Reduction,discovery
p268,Best AI solutions for staff / fte reduction in community oncology 2026,ceo,Staff / FTE Reduction,comparison
p269,Top vendors for staff / fte reduction in cancer centers,ceo,Staff / FTE Reduction,comparison
p270,Which companies are leading in staff / fte reduction automation for oncology?,ceo,Staff / FTE Reduction,comparison
p271,How do different staff / fte reduction platforms compare for community cancer centers?,ceo,Staff / FTE Reduction,comparison
p272,What should oncology practices look for when buying a staff / fte reduction solution?,ceo,Staff / FTE Reduction,comparison
p273,Build vs buy: should oncology practices build their own staff / fte reduction system?,ceo,Staff / FTE Reduction,comparison
p274,How does RISA Labs solve staff / fte reduction for oncology practices?,cro,Staff / FTE Reduction,brand
p275,What results has RISA Labs delivered for staff / fte reduction?,cro,Staff / FTE Reduction,brand
p276,Is RISA Labs a good fit for staff / fte reduction at a community cancer center?,cro,Staff / FTE Reduction,brand
p277,How does RISA Labs's approach to staff / fte reduction differ from competitors?,cro,Staff / FTE Reduction,brand
p278,RISA Labs vs Cohere Health for staff / fte reduction in oncology,cio,Staff / FTE Reduction,comparison
p279,RISA Labs vs Flatiron Health for staff / fte reduction in oncology,cio,Staff / FTE Reduction,comparison
p280,RISA Labs vs Availity for staff / fte reduction in oncology,cio,Staff / FTE Reduction,comparison
p281,What are the biggest challenges with buy-and-bill workflows in community oncology?,cro,Buy-and-Bill Workflows,discovery
p282,How do oncology practices handle buy-and-bill workflows today?,cro,Buy-and-Bill Workflows,discovery
p283,What software automates buy-and-bill workflows for cancer centers?,cro,Buy-and-Bill Workflows,discovery
p284,How can an oncology group reduce costs related to buy-and-bill workflows?,cro,Buy-and-Bill Workflows,discovery
p285,How does AI improve buy-and-bill workflows in oncology?,cro,Buy-and-Bill Workflows,discovery
p286,Why do community oncology practices struggle with buy-and-bill workflows?,cro,Buy-and-Bill Workflows,discovery
p287,What does good buy-and-bill workflows look like at a high-performing oncology practice?,cro,Buy-and-Bill Workflows,discovery
p288,What is the ROI of investing in buy-and-bill workflows technology for oncology?,cro,Buy-and-Bill Workflows,discovery
p289,How do payers and providers disagree on buy-and-bill workflows in oncology?,cro,Buy-and-Bill Workflows,discovery
p290,What are the regulatory requirements around buy-and-bill workflows in cancer care?,cro,Buy-and-Bill Workflows,discovery
p291,How do staffing shortages affect buy-and-bill workflows at community cancer centers?,cro,Buy-and-Bill Workflows,discovery
p292,What metrics should an oncology CFO track for buy-and-bill workflows?,cro,Buy-and-Bill Workflows,discovery
p293,How do large oncology networks like OneOncology approach buy-and-bill workflows?,cro,Buy-and-Bill Workflows,discovery
p294,What are common mistakes oncology practices make with buy-and-bill workflows?,cro,Buy-and-Bill Workflows,discovery
p295,How has buy-and-bill workflows changed in oncology over the last five years?,cro,Buy-and-Bill Workflows,discovery
p296,Best AI solutions for buy-and-bill workflows in community oncology 2026,ceo,Buy-and-Bill Workflows,comparison
p297,Top vendors for buy-and-bill workflows in cancer centers,ceo,Buy-and-Bill Workflows,comparison
p298,Which companies are leading in buy-and-bill workflows automation for oncology?,ceo,Buy-and-Bill Workflows,comparison
p299,How do different buy-and-bill workflows platforms compare for community cancer centers?,ceo,Buy-and-Bill Workflows,comparison
p300,What should oncology practices look for when buying a buy-and-bill workflows solution?,ceo,Buy-and-Bill Workflows,comparison
p301,Build vs buy: should oncology practices build their own buy-and-bill workflows system?,ceo,Buy-and-Bill Workflows,comparison
p302,How does RISA Labs solve buy-and-bill workflows for oncology practices?,cro,Buy-and-Bill Workflows,brand
p303,What results has RISA Labs delivered for buy-and-bill workflows?,cro,Buy-and-Bill Workflows,brand
p304,Is RISA Labs a good fit for buy-and-bill workflows at a community cancer center?,cro,Buy-and-Bill Workflows,brand
p305,How does RISA Labs's approach to buy-and-bill workflows differ from competitors?,cro,Buy-and-Bill Workflows,brand
p306,RISA Labs vs Cohere Health for buy-and-bill workflows in oncology,cio,Buy-and-Bill Workflows,comparison
p307,RISA Labs vs Flatiron Health for buy-and-bill workflows in oncology,cio,Buy-and-Bill Workflows,comparison
p308,RISA Labs vs Availity for buy-and-bill workflows in oncology,cio,Buy-and-Bill Workflows,comparison
p309,How does Cohere Health compare to RISA Labs for oncology prior authorization?,cio,competitive comparison,comparison
p310,How does Flatiron Health compare to RISA Labs for oncology prior authorization?,cio,competitive comparison,comparison
p311,How does Availity compare to RISA Labs for oncology prior authorization?,cio,competitive comparison,comparison
p312,How does Waystar compare to RISA Labs for oncology prior authorization?,cio,competitive comparison,comparison
p313,How does Myndshft compare to RISA Labs for oncology prior authorization?,cio,competitive comparison,comparison
p314,How does Rhyme compare to RISA Labs for oncology prior authorization?,cio,competitive comparison,comparison
p315,Cohere Health vs Flatiron Health vs Availity — which is best for community oncology revenue cycle?,ceo,competitive comparison,comparison
p316,Why do approved prior authorizations still end up as denied or underpaid claims in oncology?,cro,,discovery
p317,Best AI tools to find revenue leakage in an oncology practice revenue cycle,cro,,discovery
p318,How do community oncology practices catch payer underpayments on infusion and buy-and-bill drugs?,cro,,discovery
p319,How can an oncology practice grow patient volume without adding prior authorization staff?,cfo,,discovery
p320,ROI of AI prior authorization automation for a community oncology group,cfo,,discovery
p321,How much does prior authorization staffing cost an oncology practice per year and how do I cut it?,cfo,,discovery
p322,How to reduce peer-to-peer review burden on oncologists from prior authorization,cmo,,discovery
p323,Ways to cut treatment-start delays caused by prior authorization in cancer care,cmo,,discovery
p324,Does AI prior authorization actually reduce physician burnout in oncology?,cmo,,discovery
p325,How do health systems operationalize AI prior authorization at scale without it failing in pilot?,cio,,discovery
p326,Prior authorization AI that integrates with Flatiron or Epic via FHIR and HL7,cio,,discovery
p327,HIPAA and SOC2 compliant AI vendors for oncology revenue cycle automation,cio,,discovery
p328,How do community oncology practices scale operations without hiring more admin staff?,ceo,,discovery
p329,Best AI operating system or platform to run prior authorization across an oncology practice,ceo,,discovery
p330,How are oncology practice leaders handling prior authorization at scale?,ceo,,discovery