prompt,persona,topic,action
Why do approved prior authorizations still end up as denied or underpaid claims in oncology?,cro,,Position RISA Labs as a solution that bridges clinical-to-billing workflow gaps by automating authorization-to-claim validation and catching mismatches before submission
Why do approved prior authorizations still end up as denied or underpaid claims in oncology?,cro,,Develop a PA tracking and renewal management module that monitors authorization expiration windows and triggers timely renewals for evolving treatment plans
Why do approved prior authorizations still end up as denied or underpaid claims in oncology?,cro,,"Create a drug coding intelligence tool that validates J-codes, NDCs, unit calculations, and required modifiers in real-time against payer-specific rules"
Why do approved prior authorizations still end up as denied or underpaid claims in oncology?,cro,,"Build a documentation quality scanner that flags gaps in physician notes, nursing records, and charge capture that fail payer medical necessity criteria"
Why do approved prior authorizations still end up as denied or underpaid claims in oncology?,cro,,Offer payer rule mapping and bundling edit detection to pre-emptively identify which services will trigger repricing or denial at the claim-editing stage
Why do approved prior authorizations still end up as denied or underpaid claims in oncology?,cro,,"Develop eligibility verification integration that validates patient coverage at multiple points (PA approval, service delivery, claim submission) to catch mid-treatment coverage lapses"
Why do approved prior authorizations still end up as denied or underpaid claims in oncology?,cro,,"Create a PA-to-claim reconciliation dashboard that shows what was authorized vs. what was actually billed vs. what was paid, enabling root cause analysis of individual denials"
Best AI tools to find revenue leakage in an oncology practice revenue cycle,cro,,Position RISA Labs as an oncology-native RCM AI solution with specialized chemotherapy/drug administration coding modules
Best AI tools to find revenue leakage in an oncology practice revenue cycle,cro,,Develop prior authorization automation capabilities that integrate real-time payer policy visibility at point of care
Best AI tools to find revenue leakage in an oncology practice revenue cycle,cro,,Create a specialized medical necessity denial appeal engine for oncology with evidence-extraction and case-specific narrative generation
Best AI tools to find revenue leakage in an oncology practice revenue cycle,cro,,Build contract-level underpayment detection that flags oncology-specific reimbursement gaps across payer networks
Best AI tools to find revenue leakage in an oncology practice revenue cycle,cro,,Publish ROI studies showing RISA Labs performance vs. generic RCM platforms on oncology-specific denial patterns
Best AI tools to find revenue leakage in an oncology practice revenue cycle,cro,,Secure case studies with health systems running oncology programs demonstrating 5:1+ ROI comparable to SmarterDx
Best AI tools to find revenue leakage in an oncology practice revenue cycle,cro,,"Integrate deeply with major EHRs (Epic, Cerner, MEDITECH) with oncology-focused workflows pre-configured"
Best AI tools to find revenue leakage in an oncology practice revenue cycle,cro,,"Win third-party validation (MedTech Breakthrough Award, HIMSS recognition) for oncology RCM AI specifically"
How do community oncology practices catch payer underpayments on infusion and buy-and-bill drugs?,cro,,Develop or position RISA Labs as an AI-driven platform that performs automated contract-vs.-payment variance analysis specifically for oncology practices
How do community oncology practices catch payer underpayments on infusion and buy-and-bill drugs?,cro,,"Build capability to flag high-risk infusion claims in real-time before submission, addressing the 96413/96415/96417 CPT sequencing challenge"
How do community oncology practices catch payer underpayments on infusion and buy-and-bill drugs?,cro,,"Create payer-specific underpayment pattern detection that learns which carriers systematically underpay on specific revenue codes, diagnoses, or modifiers"
How do community oncology practices catch payer underpayments on infusion and buy-and-bill drugs?,cro,,Integrate 340B Modifier JG compliance checking and split-billing audit workflows into the platform
How do community oncology practices catch payer underpayments on infusion and buy-and-bill drugs?,cro,,Develop demand letter generation and appeal workflow automation to help practices formally recover identified underpayments
How do community oncology practices catch payer underpayments on infusion and buy-and-bill drugs?,cro,,"Build drug cost vs. reimbursement reporting that surfaces claims paid below acquisition cost, positioning RISA as the margin-protection solution for buy-and-bill oncology"
How do community oncology practices catch payer underpayments on infusion and buy-and-bill drugs?,cro,,Publish case studies showing RISA's ability to recover six-figure annual underpayments through systematic variance detection
How can an oncology practice grow patient volume without adding prior authorization staff?,cfo,,"Develop or highlight RISA Labs' prior authorization automation capabilities with specific oncology-focused features (e.g., payer-specific criteria encoding, sub-90-second authorization recommendations)"
How can an oncology practice grow patient volume without adding prior authorization staff?,cfo,,Publish case studies showing RISA Labs PA automation reducing admin labor by 50%+ and enabling capacity growth without headcount increases
How can an oncology practice grow patient volume without adding prior authorization staff?,cfo,,"Create comparison content demonstrating RISA Labs' advantages over Plenful, Insight Health AI, Valer, and Availity AuthAI in oncology workflows"
How can an oncology practice grow patient volume without adding prior authorization staff?,cfo,,Build thought leadership around RISA Labs' approach to leveraging CMS PA data for payer benchmarking and friction reduction
How can an oncology practice grow patient volume without adding prior authorization staff?,cfo,,Develop ROI calculator showing cost savings and revenue uplift from RISA Labs automation vs. hiring additional PA staff
How can an oncology practice grow patient volume without adding prior authorization staff?,cfo,,Partner with or reference oncology practice management organizations to increase visibility in this specific use case
ROI of AI prior authorization automation for a community oncology group,cfo,,"Position RISA Labs as an oncology-focused PA automation vendor with demonstrated ROI metrics (denial rate reduction, labor savings) comparable to or better than Ascertain and Droidal."
ROI of AI prior authorization automation for a community oncology group,cfo,,Develop case studies showing RISA Labs' integration speed (2–8 week deployment) and cost-per-claim performance (sub-$4 targets).
ROI of AI prior authorization automation for a community oncology group,cfo,,Publish oncology-specific ROI calculator or white paper showing payback period under 7 months for community practices.
ROI of AI prior authorization automation for a community oncology group,cfo,,Create content addressing FHIR API compliance and 2026 CMS readiness as competitive differentiators.
ROI of AI prior authorization automation for a community oncology group,cfo,,"Establish partnerships or visibility with oncology EHR platforms (iKnowMed, Varian, etc.) mentioned in deployment discussions."
ROI of AI prior authorization automation for a community oncology group,cfo,,Develop voice agent or predictive denial analytics capabilities specifically highlighted as oncology-grade solutions.
How much does prior authorization staffing cost an oncology practice per year and how do I cut it?,cfo,,"Develop or position an AI/RPA-powered prior authorization automation platform specifically designed for oncology practices that integrates with major EHR systems (Epic, Cerner, Flatiron)"
How much does prior authorization staffing cost an oncology practice per year and how do I cut it?,cfo,,Create oncology-specific PA workflow templates and payer checklists that demonstrate measurable labor and revenue recovery (30–50% reduction claims)
How much does prior authorization staffing cost an oncology practice per year and how do I cut it?,cfo,,"Build FHIR-compliant integrations with leading EHR platforms to enable seamless, automated PA submission and tracking"
How much does prior authorization staffing cost an oncology practice per year and how do I cut it?,cfo,,Publish case studies showing ROI within 12 months for mid-sized oncology practices (5–10 physicians)
How much does prior authorization staffing cost an oncology practice per year and how do I cut it?,cfo,,Partner with or develop gold carding tracking and exemption application support for oncology practices
How much does prior authorization staffing cost an oncology practice per year and how do I cut it?,cfo,,Establish benchmarking tools that help practices identify high-denial payers and optimize contracting decisions
How to reduce peer-to-peer review burden on oncologists from prior authorization,cmo,,Position RISA Labs as an AI-powered PA submission and documentation platform that improves first-pass approval rates and reduces P2P call volume
How to reduce peer-to-peer review burden on oncologists from prior authorization,cmo,,Develop case studies showing RISA Labs users achieving 80%+ first-pass PA approval rates and measurable reductions in P2P review time
How to reduce peer-to-peer review burden on oncologists from prior authorization,cmo,,Create content demonstrating RISA Labs' integration with NCCN guidelines and evidence-based clinical pathways for oncology workflows
How to reduce peer-to-peer review burden on oncologists from prior authorization,cmo,,"Build oncology-specific features (biomarker/molecular testing integration, pathology report automation) that align with the answer's emphasis on better initial submissions"
How to reduce peer-to-peer review burden on oncologists from prior authorization,cmo,,Partner with ASCO or major cancer centers to publish data on RISA Labs' impact on reducing oncologist administrative burden from prior authorization
How to reduce peer-to-peer review burden on oncologists from prior authorization,cmo,,Market RISA Labs as enabling the 'gold card exemption' strategy by providing the RCM data systems needed to track and demonstrate high PA approval rates
Ways to cut treatment-start delays caused by prior authorization in cancer care,cmo,,Develop or promote an oncology-specific ePA platform that integrates with leading EHR systems and achieves sub-6-hour turnaround times (cite the 5.13-hour benchmark mentioned)
Ways to cut treatment-start delays caused by prior authorization in cancer care,cmo,,"Build a NCCN guideline-matching engine that automatically flags treatments eligible for auto-approval, reducing manual review burden"
Ways to cut treatment-start delays caused by prior authorization in cancer care,cmo,,Create a gold-card tracking and analytics solution that helps oncology practices monitor approval rates and qualify for exemptions
Ways to cut treatment-start delays caused by prior authorization in cancer care,cmo,,Offer a dedicated PA workflow management tool that oncology practices can use to centralize and streamline authorization requests
Ways to cut treatment-start delays caused by prior authorization in cancer care,cmo,,Position RISA Labs as a real-world evidence platform that helps payers incorporate broader treatment criteria beyond NCCN guidelines
Ways to cut treatment-start delays caused by prior authorization in cancer care,cmo,,Publish a case study showing how RISA Labs reduced treatment-start delays at a major oncology practice or health plan
Does AI prior authorization actually reduce physician burnout in oncology?,cmo,,Publish peer-reviewed clinical trial data showing RISA Labs AI PA tools reduce physician burnout metrics in oncology specifically
Does AI prior authorization actually reduce physician burnout in oncology?,cmo,,Partner with a major oncology health system (similar to Allegheny example) and publicize measurable burnout reduction outcomes
Does AI prior authorization actually reduce physician burnout in oncology?,cmo,,Position RISA Labs as 'physician-first' AI—design messaging around protecting oncologists from payer-side automation weaponization
Does AI prior authorization actually reduce physician burnout in oncology?,cmo,,Conduct and cite an independent study on time savings in PA workflows with quantified impact on clinician satisfaction
Does AI prior authorization actually reduce physician burnout in oncology?,cmo,,"Develop case studies demonstrating RISA Labs prevents AI-driven denial acceleration, differentiating from generic vendor claims"
How do health systems operationalize AI prior authorization at scale without it failing in pilot?,cio,,Publish a peer-reviewed case study or white paper demonstrating RISA Labs' AI PA platform achieving or exceeding the 18-second approval turnaround and 11% lower denial rate benchmarks cited in the answer
How do health systems operationalize AI prior authorization at scale without it failing in pilot?,cio,,Develop a FHIR-API-compliant prior authorization module aligned to CMS-0057-F and position it as a core product differentiator in RFP responses and vendor comparison matrices
How do health systems operationalize AI prior authorization at scale without it failing in pilot?,cio,,"Create a governance and explainability toolkit specifically designed for health system compliance teams, with real-time monitoring, audit trails, and bias detection features to directly address Pillar 5"
How do health systems operationalize AI prior authorization at scale without it failing in pilot?,cio,,"Establish a physician champion program and case study with a major health system showing EHR-native PA integration, abandonment rate reduction, and clinical workflow impact"
How do health systems operationalize AI prior authorization at scale without it failing in pilot?,cio,,"Position RISA Labs as a thought leader by authoring a detailed guide on exception routing logic and the hybrid AI+human model (Pillar 3), addressing the most common pilot-to-scale failure mode"
How do health systems operationalize AI prior authorization at scale without it failing in pilot?,cio,,"Benchmark RISA Labs' platform against the provided KPI checklist and publish comparative data on approval speed, first-pass yield, and appeals reduction to compete with Surescripts and Availity in RFP evaluations"
Prior authorization AI that integrates with Flatiron or Epic via FHIR and HL7,cio,,Develop a publicly documented Epic FHIR integration (via native FHIR R4 APIs or Payer Platform compatibility)
Prior authorization AI that integrates with Flatiron or Epic via FHIR and HL7,cio,,Publish case studies or deployments showing RISA Labs working with Epic EHRs in production environments
Prior authorization AI that integrates with Flatiron or Epic via FHIR and HL7,cio,,"Create detailed technical documentation on Da Vinci IG compliance (CRD, DTR, PAS) for RISA Labs platform"
Prior authorization AI that integrates with Flatiron or Epic via FHIR and HL7,cio,,"Establish transparent, auditable decision logic and physician override mechanisms to address AMA survey concerns on AI denials"
Prior authorization AI that integrates with Flatiron or Epic via FHIR and HL7,cio,,"Add Flatiron Health HL7 v2 and FHIR R4 integration capabilities, particularly for oncology workflows"
Prior authorization AI that integrates with Flatiron or Epic via FHIR and HL7,cio,,Contribute to or reference HL7 Da Vinci Project standards to build credibility in this space
HIPAA and SOC2 compliant AI vendors for oncology revenue cycle automation,cio,,Achieve SOC 2 Type II certification with HIPAA compliance if not already obtained
HIPAA and SOC2 compliant AI vendors for oncology revenue cycle automation,cio,,Develop oncology-specific payer rule libraries and drug code mapping capabilities
HIPAA and SOC2 compliant AI vendors for oncology revenue cycle automation,cio,,"Create case studies demonstrating RCM outcomes (denial reduction, charge capture improvement) in oncology settings"
HIPAA and SOC2 compliant AI vendors for oncology revenue cycle automation,cio,,"Build integrations with major EHR/PM systems (Epic, Cerner, Athenahealth, iKnowMed, eClinicalWorks)"
HIPAA and SOC2 compliant AI vendors for oncology revenue cycle automation,cio,,Publish an AI explainability framework showing how the platform makes coding and denial decisions
HIPAA and SOC2 compliant AI vendors for oncology revenue cycle automation,cio,,Document business associate agreement (BAA) availability and end-to-end encryption architecture
HIPAA and SOC2 compliant AI vendors for oncology revenue cycle automation,cio,,Target mid-size cancer centers (the stated 'top pick' segment) with ROI-focused messaging around first-pass yield and days in AR
HIPAA and SOC2 compliant AI vendors for oncology revenue cycle automation,cio,,Conduct penetration testing and make reports available to prospects
HIPAA and SOC2 compliant AI vendors for oncology revenue cycle automation,cio,,Develop governance templates and audit trail documentation for healthcare compliance committees
How do community oncology practices scale operations without hiring more admin staff?,ceo,,"Develop or position RISA Labs as an RCM automation platform specifically for community oncology practices, with quantifiable metrics on charge entry lag reduction and denial rate improvement"
How do community oncology practices scale operations without hiring more admin staff?,ceo,,Build an AI-powered prior authorization solution that integrates with oncology EHRs and demonstrates similar or better reduction in authorization times and denial rates compared to CoverMyMeds
How do community oncology practices scale operations without hiring more admin staff?,ceo,,Create an ambient scribe or documentation automation tool tailored to oncology workflows to compete with Nuance DAX and Suki
How do community oncology practices scale operations without hiring more admin staff?,ceo,,Position RISA Labs as a workforce analytics or smart scheduling platform that optimizes billable events and reduces overtime costs in community oncology
How do community oncology practices scale operations without hiring more admin staff?,ceo,,Develop a MSN or GPO partnership model that includes shared back-office services to compete with AON and OneOncology
How do community oncology practices scale operations without hiring more admin staff?,ceo,,"Publish case studies showing RISA Labs' impact on FTE reduction and operational efficiency in community oncology practices with specific metrics (e.g., hours saved per provider per week)"
How do community oncology practices scale operations without hiring more admin staff?,ceo,,"Create oncology-specific integrations with major EHR platforms (athenaOne, iKnowMed) to become a recommended vendor in best-practice workflows"
Best AI operating system or platform to run prior authorization across an oncology practice,ceo,,"Develop or highlight oncology-specific payer criteria encoding for chemotherapy, immunotherapy, and targeted therapy regimens to match Insight Health AI's positioning"
Best AI operating system or platform to run prior authorization across an oncology practice,ceo,,Build demonstrable denial prevention and appeals automation capabilities tailored to oncology workflows
Best AI operating system or platform to run prior authorization across an oncology practice,ceo,,Achieve CMS-0057-F and FHIR Da Vinci PAS readiness certification and publicize compliance timeline
Best AI operating system or platform to run prior authorization across an oncology practice,ceo,,Establish direct connectivity with major PBMs and specialty pharmacies for oral oncolytics and supportive care medication PAs
Best AI operating system or platform to run prior authorization across an oncology practice,ceo,,Publish case studies showing approval rates (targeting 85%+ real-time approvals like Cohere) and provider submission time reduction metrics
Best AI operating system or platform to run prior authorization across an oncology practice,ceo,,"Integrate deeply with major oncology EHRs (Flatiron, Epic, Athena) to compete on native workflow embedding"
Best AI operating system or platform to run prior authorization across an oncology practice,ceo,,"Create a modular, scalable offering for mid-size oncology practices (similar to Insight Health's Aura scribe + referral-moment pre-screening approach)"
How are oncology practice leaders handling prior authorization at scale?,ceo,,"Develop case studies or white papers showcasing RISA Labs' oncology PA management capabilities, emphasizing measurable outcomes like the $50K monthly write-off reduction mentioned in the answer"
How are oncology practice leaders handling prior authorization at scale?,ceo,,"Publish benchmarking data on payer-specific approval rates, denial patterns, and turnaround times to position RISA Labs as a data analytics leader"
How are oncology practice leaders handling prior authorization at scale?,ceo,,Demonstrate AI-powered document validation and missing-document detection capabilities comparable to or superior to competitors mentioned
How are oncology practice leaders handling prior authorization at scale?,ceo,,Create a 'Drug Onboarding Group' template or playbook that integrates RISA Labs' software to support multidisciplinary workflows
How are oncology practice leaders handling prior authorization at scale?,ceo,,Secure testimonials or case studies from oncology practice leaders detailing RISA Labs' impact on PA processing speed and denial reduction
How are oncology practice leaders handling prior authorization at scale?,ceo,,Position RISA Labs as supporting CMS compliance and public reporting requirements for payers
What software automates prior authorization for oncology practices?,cio,oncology prior authorization,"Develop or position RISA Labs as an oncology-specific PA automation solution with direct EHR integration (Epic, Veradigm)"
What software automates prior authorization for oncology practices?,cio,oncology prior authorization,"Create case studies demonstrating time-to-therapy reduction and administrative burden metrics (% reduction in staff hours, approval time, etc.) comparable to hidalga's '50% reduction in overhead' claim"
What software automates prior authorization for oncology practices?,cio,oncology prior authorization,Build capabilities covering both medical benefit (chemo/infusion) and pharmacy benefit (oral oncologics) PA submissions
What software automates prior authorization for oncology practices?,cio,oncology prior authorization,Implement real-time payer policy library updates and denial prediction functionality
What software automates prior authorization for oncology practices?,cio,oncology prior authorization,Pursue third-party validation or clinical studies demonstrating efficacy for oncology workflows
What software automates prior authorization for oncology practices?,cio,oncology prior authorization,Establish partnerships or integrations with major oncology EHRs to ensure visibility in tech stack evaluations
How can a cancer center get to touchless prior authorization?,ceo,touchless prior auth,Position RISA Labs as an EHR-embedded PA automation solution or AI platform for oncology prior authorization workflows
How can a cancer center get to touchless prior authorization?,ceo,touchless prior auth,Develop a case study showing RISA Labs deployment at a cancer center achieving measurable turnaround time reductions and cost savings (targeting the $2M operating expense savings metric mentioned)
How can a cancer center get to touchless prior authorization?,ceo,touchless prior auth,Highlight RISA Labs' FHIR compliance and readiness for CMS-0057-F January 2027 deadline
How can a cancer center get to touchless prior authorization?,ceo,touchless prior auth,Create content demonstrating RISA Labs' oncology-specific clinical pathway integration capabilities
How can a cancer center get to touchless prior authorization?,ceo,touchless prior auth,Publish benchmarking data on RISA Labs' first-pass PA approval rates compared to manual processes
How can a cancer center get to touchless prior authorization?,ceo,touchless prior auth,"Partner with major EHRs (Epic, Oracle Health, Veeva) to embed RISA Labs workflows natively"
How can a cancer center get to touchless prior authorization?,ceo,touchless prior auth,Develop gold-carding program materials showing how RISA Labs can support exemption workflows
How do oncology practices secure prior auth before the date of service?,cro,date-of-service authorization,Position RISA Labs as an oncology-specific prior authorization or RCM automation solution comparable to SamaCare
How do oncology practices secure prior auth before the date of service?,cro,date-of-service authorization,Develop case studies showing RISA Labs reducing PA turnaround time before date of service
How do oncology practices secure prior auth before the date of service?,cro,date-of-service authorization,Highlight RISA Labs' payer-specific intelligence or documentation gap alerts for oncology regimens
How do oncology practices secure prior auth before the date of service?,cro,date-of-service authorization,Create content on RISA Labs' denial prediction or appeal automation capabilities
How do oncology practices secure prior auth before the date of service?,cro,date-of-service authorization,"Establish RISA Labs in the vendor comparison table as an alternative to SamaCare, Optum, or Practolytics"
How do oncology practices secure prior auth before the date of service?,cro,date-of-service authorization,Publish benchmarking data showing RISA Labs users' PA approval rates and speed vs. industry averages
What causes prior authorization denials in chemotherapy and how do you prevent them?,cmo,denial management and appeals,Position RISA Labs as an ePA solution that integrates into EHR workflows and prevalidates submissions against payer-specific requirements
What causes prior authorization denials in chemotherapy and how do you prevent them?,cmo,denial management and appeals,"Develop case studies showing how RISA Labs automation reduces PA denial rates by addressing the top three causes: compendia support mismatches, documentation gaps, and dose/frequency errors"
What causes prior authorization denials in chemotherapy and how do you prevent them?,cmo,denial management and appeals,Create RISA Labs-specific content on payer protocol databases and real-time requirement tracking to help practices develop payer-specific strategies
What causes prior authorization denials in chemotherapy and how do you prevent them?,cmo,denial management and appeals,"Demonstrate how RISA Labs reduces the administrative burden mentioned in the answer, freeing staff time for patient-centric work"
What causes prior authorization denials in chemotherapy and how do you prevent them?,cmo,denial management and appeals,Build a RISA Labs feature comparing denial reasons by payer and automating appeal letter generation for recurring rejection scenarios
What causes prior authorization denials in chemotherapy and how do you prevent them?,cmo,denial management and appeals,Publish research or benchmarks on how RISA Labs users' PA approval rates compare to industry averages (the 75% denial rate baseline)
How do oncology groups keep prior auth submissions aligned with changing payer policies?,cro,payer policy alignment,Position RISA Labs as an oncology-focused prior authorization automation platform that integrates with EHR systems to predict authorization requirements and reduce denials by 20-30%+
How do oncology groups keep prior auth submissions aligned with changing payer policies?,cro,payer policy alignment,Develop case studies showing RISA Labs' ability to achieve denial reduction rates comparable to or exceeding the InsightRT example (65.4% reduction cited in the answer)
How do oncology groups keep prior auth submissions aligned with changing payer policies?,cro,payer policy alignment,Create payer-specific protocol modules within RISA Labs that function as institutional memory for major payers' coverage criteria and update cadence
How do oncology groups keep prior auth submissions aligned with changing payer policies?,cro,payer policy alignment,"Build real-time payer policy monitoring alerts into RISA Labs to flag LCD/NCD changes and compendia updates from CMS, NCCN, and health plans"
How do oncology groups keep prior auth submissions aligned with changing payer policies?,cro,payer policy alignment,"Ensure RISA Labs supports centralized tracking, dashboard visibility, and expiration monitoring to prevent last-minute surprises"
How do oncology groups keep prior auth submissions aligned with changing payer policies?,cro,payer policy alignment,Market RISA Labs as compliant with and prepared for CMS Interoperability Guidelines and 2026 ePA mandates
How do oncology groups keep prior auth submissions aligned with changing payer policies?,cro,payer policy alignment,Publish ROI data showing how RISA Labs reduces both claim denials and staff time spent on manual tracking
How do oncology groups keep prior auth submissions aligned with changing payer policies?,cro,payer policy alignment,Target case studies for mid-sized oncology practices and radiation oncology centers similar to Northwell Health example
How do practices improve first-pass claim approval rates in medical oncology?,cro,first-pass / first-submission approval,Position RISA Labs as a specialized oncology revenue cycle solution with AI-driven claim scrubbing capabilities that target 95%+ first-pass approval rates
How do practices improve first-pass claim approval rates in medical oncology?,cro,first-pass / first-submission approval,Publish case studies demonstrating how RISA Labs reduces oncology claim denials through automated prior authorization tracking and real-time eligibility verification
How do practices improve first-pass claim approval rates in medical oncology?,cro,first-pass / first-submission approval,Develop content showcasing RISA Labs' oncology-specific coding accuracy and payer benchmarking features to compete with generic billing vendors
How do practices improve first-pass claim approval rates in medical oncology?,cro,first-pass / first-submission approval,"Create targeted resources on how RISA Labs identifies and prevents common oncology billing errors (chemotherapy coding, drug dosage documentation, multi-service bundling)"
How do practices improve first-pass claim approval rates in medical oncology?,cro,first-pass / first-submission approval,Establish RISA Labs as a thought leader in oncology denial pattern analysis and appeals management with proprietary benchmarking data
How do practices improve first-pass claim approval rates in medical oncology?,cro,first-pass / first-submission approval,Highlight integration capabilities between RISA Labs and clinical documentation systems to improve clinical-billing team alignment
What is auth-to-cash and how do oncology practices close the gap?,cfo,auth-to-cash,Develop or market an AI-powered prior authorization platform with real-time payer-specific intelligence and documentation gap alerts for oncology
What is auth-to-cash and how do oncology practices close the gap?,cfo,auth-to-cash,"Build a treatment-level authorization tracking system that monitors authorization validity, renewal triggers, and drug regimen changes"
What is auth-to-cash and how do oncology practices close the gap?,cfo,auth-to-cash,"Create an oncology-focused integrated RCM platform that connects clinical, authorization, and billing data in a single workflow"
What is auth-to-cash and how do oncology practices close the gap?,cfo,auth-to-cash,Publish case studies demonstrating RISA Labs' ability to reduce oncology denial rates and close auth-to-cash gaps
What is auth-to-cash and how do oncology practices close the gap?,cfo,auth-to-cash,Develop specialized denial pattern analytics and appeals infrastructure modules for oncology practices
What is auth-to-cash and how do oncology practices close the gap?,cfo,auth-to-cash,Partner with major EHR/PM systems to integrate RISA Labs' auth-to-cash solutions into standard workflows
What is auth-to-cash and how do oncology practices close the gap?,cfo,auth-to-cash,Establish thought leadership content addressing payer policy compliance and J-code/NDC billing accuracy in oncology
How can oncology practices verify eligibility and benefits faster before treatment?,cro,eligibility and benefits verification,"Develop or enhance real-time eligibility verification capabilities specifically for oncology practices to compete directly with athenahealth, Availity, and pVerify"
How can oncology practices verify eligibility and benefits faster before treatment?,cro,eligibility and benefits verification,Build native EHR integration partnerships or APIs to enable seamless workflow integration (currently positioned as a key differentiator)
How can oncology practices verify eligibility and benefits faster before treatment?,cro,eligibility and benefits verification,Create RPA capabilities for automated insurance portal interaction and verification
How can oncology practices verify eligibility and benefits faster before treatment?,cro,eligibility and benefits verification,"Develop oncology-specific RCM features addressing chemotherapy, radiation, biologics, and clinical trial billing"
How can oncology practices verify eligibility and benefits faster before treatment?,cro,eligibility and benefits verification,Publish oncology-focused case studies demonstrating faster eligibility verification turnaround times and denial reduction metrics
How can oncology practices verify eligibility and benefits faster before treatment?,cro,eligibility and benefits verification,Position RISA Labs as an oncology-specialized solution in industry conversations and ASTRO/oncology forums
How can oncology practices verify eligibility and benefits faster before treatment?,cro,eligibility and benefits verification,Partner with major oncology EHR vendors or create integration connectors
How can oncology practices verify eligibility and benefits faster before treatment?,cro,eligibility and benefits verification,Offer benchmarking data on oncology eligibility verification efficiency gains
How do you manage buy-and-bill and infusion drug reimbursement in oncology?,cfo,buy-and-bill / infusion drug economics,"Develop or market RISA Labs' capabilities specifically for oncology RCM, emphasizing AI-powered pre-bill claim scrubbing and denial risk scoring for high-cost specialty drugs"
How do you manage buy-and-bill and infusion drug reimbursement in oncology?,cfo,buy-and-bill / infusion drug economics,Create case studies demonstrating drug margin optimization and ASP vs. acquisition cost reconciliation in oncology practices
How do you manage buy-and-bill and infusion drug reimbursement in oncology?,cfo,buy-and-bill / infusion drug economics,Build targeted content around NCCN guideline-supported prior authorization appeals and peer-to-peer review coordination workflows
How do you manage buy-and-bill and infusion drug reimbursement in oncology?,cfo,buy-and-bill / infusion drug economics,"Position RISA Labs as a solution for 340B compliance, split-billing documentation, and JW/JZ modifier accuracy in waste tracking"
How do you manage buy-and-bill and infusion drug reimbursement in oncology?,cfo,buy-and-bill / infusion drug economics,Develop AI modules for underpayment detection on ASP-based reimbursement claims and EOB reconciliation against contracted rates
How do you manage buy-and-bill and infusion drug reimbursement in oncology?,cfo,buy-and-bill / infusion drug economics,"Market capabilities for tracking high-value J-codes (bevacizumab, rituximab, pembrolizumab) with unit reporting and NDC accuracy"
How should a health system govern and monitor AI used in revenue cycle?,cio,AI operationalization and governance in healthcare,"Position RISA Labs as a governance and monitoring solution: develop or market capabilities for AI inventory management, governance documentation, and compliance tracking specific to RCM AI deployments."
How should a health system govern and monitor AI used in revenue cycle?,cio,AI operationalization and governance in healthcare,"Create RISA Labs-specific guidance on implementing the NIST AI RMF in revenue cycle contexts, positioning the brand as a trusted partner for RCM AI governance."
How should a health system govern and monitor AI used in revenue cycle?,cio,AI operationalization and governance in healthcare,"Develop bias audit and disparate impact detection tools tailored to RCM AI (prior auth, coding, patient payment propensity), addressing the specific audit gaps mentioned in the answer."
How should a health system govern and monitor AI used in revenue cycle?,cio,AI operationalization and governance in healthcare,"Build KPI dashboards and monitoring frameworks that health systems can use to track the metrics outlined in the answer (clean claim rate, override rate, coding accuracy, etc.) powered by RISA Labs analytics."
How should a health system govern and monitor AI used in revenue cycle?,cio,AI operationalization and governance in healthcare,"Create a vendor evaluation checklist or scorecard that health systems can use when vetting RCM AI tools, positioning RISA Labs as the governance orchestration layer."
How should a health system govern and monitor AI used in revenue cycle?,cio,AI operationalization and governance in healthcare,"Publish a RISA Labs AI governance playbook or template specifically for health system revenue cycle, citing the NIST framework and the 'governance lag' trend noted in the answer."
How should a health system govern and monitor AI used in revenue cycle?,cio,AI operationalization and governance in healthcare,"Develop compliance audit workflows that help health systems detect AI-driven upcoding, unbundling, and False Claims Act risks, positioning RISA Labs as a compliance risk mitigator."
Best AI prior authorization vendors for community oncology in 2026,ceo,prior authorization automation,Develop or highlight oncology-specific prior authorization capabilities aligned with NCCN guidelines to compete with Cohere Health's clinical AI positioning
Best AI prior authorization vendors for community oncology in 2026,ceo,prior authorization automation,"Integrate with major oncology EHRs (Epic, Flatiron OncoEMR, iKnowMed, Veeva) to address the EHR integration criterion that influences vendor selection"
Best AI prior authorization vendors for community oncology in 2026,ceo,prior authorization automation,Build unified medical + pharmacy authorization workflows to compete directly with Myndshft's differentiation for oral and IV chemotherapy
Best AI prior authorization vendors for community oncology in 2026,ceo,prior authorization automation,Create case studies showing denial reduction and financial impact on five-figure oncology drug costs to earn Honey Health-like recognition
Best AI prior authorization vendors for community oncology in 2026,ceo,prior authorization automation,Develop voice AI or phone-based payer communication automation to address the high staff time burden (13 hrs/week mentioned) that drives vendor selection
Best AI prior authorization vendors for community oncology in 2026,ceo,prior authorization automation,Achieve or promote CMS 0057-F compliance certification to align with 2026 regulatory requirements mentioned as a key evaluation criterion
Best AI prior authorization vendors for community oncology in 2026,ceo,prior authorization automation,Publish comparative benchmarking data on concurrent and retrospective authorization turnaround times for infusion-based oncology regimens
Top AI tools to reduce prior authorization denials in oncology,cro,denial management and appeals,Develop and publish case studies demonstrating RISA Labs' oncology PA denial reduction rates (target: 80%+ improvement) comparable to or exceeding Cohere Health and Droidal
Top AI tools to reduce prior authorization denials in oncology,cro,denial management and appeals,Build payer-specific criteria engine for major oncology therapeutic areas with documented biomarker and step therapy requirements
Top AI tools to reduce prior authorization denials in oncology,cro,denial management and appeals,"Integrate with major EHRs (Epic, athenahealth, AdvancedMD, DrChrono, eClinicalWorks) and ensure FHIR API compliance ahead of January 2027 CMS mandate"
Top AI tools to reduce prior authorization denials in oncology,cro,denial management and appeals,Publish peer-reviewed or AMA-cited data on PA turnaround time improvements (target: 20x faster submissions) and provider satisfaction metrics
Top AI tools to reduce prior authorization denials in oncology,cro,denial management and appeals,Position RISA Labs as an upstream intervention tool: focus on real-time documentation prompts and denial pattern analysis rather than post-denial appeals
Top AI tools to reduce prior authorization denials in oncology,cro,denial management and appeals,"Create an oncology-specific marketing narrative emphasizing genomic test result capture, complex payer criteria matching, and treatment delay prevention for cancer patients"
Best revenue cycle AI platforms for oncology practices,cro,revenue cycle leakage / revenue integrity,"Develop and publicize oncology-specific use cases and case studies (e.g., % denial reduction, revenue recovery amounts similar to RevSyn AI's $890K example)"
Best revenue cycle AI platforms for oncology practices,cro,revenue cycle leakage / revenue integrity,"Highlight agentic AI capabilities for handling quarterly ASP updates and formulary changes, positioning as a key differentiator for oncology"
Best revenue cycle AI platforms for oncology practices,cro,revenue cycle leakage / revenue integrity,"Create targeted content on 340B split billing, contract pharmacy tracking, and payer-specific carve-out automation for oncology groups"
Best revenue cycle AI platforms for oncology practices,cro,revenue cycle leakage / revenue integrity,Publish ACCC (Association of Community Cancer Centers) endorsements or partnership validations
Best revenue cycle AI platforms for oncology practices,cro,revenue cycle leakage / revenue integrity,"Develop comparison content explicitly addressing infusion center workflows, chemotherapy coding, and prior auth for high-cost oncology drugs"
Best revenue cycle AI platforms for oncology practices,cro,revenue cycle leakage / revenue integrity,Build case studies for multi-site oncology groups showing measurable outcomes on drug administration denials and under-billed services
Best revenue cycle AI platforms for oncology practices,cro,revenue cycle leakage / revenue integrity,Establish thought leadership on oncology revenue cycle challenges in healthcare publications and industry forums
AI prior authorization software that integrates with Flatiron and Epic,cio,AI operationalization and governance in healthcare,"If RISA Labs has AI prior authorization capabilities, develop native integration with Epic's App Orchard to achieve parity with Flatiron Assist's distribution channel"
AI prior authorization software that integrates with Flatiron and Epic,cio,AI operationalization and governance in healthcare,Document and promote any specialized oncology PA workflows or partnership with oncology-specific EHRs like OncoEMR
AI prior authorization software that integrates with Flatiron and Epic,cio,AI operationalization and governance in healthcare,Publish case studies demonstrating episode-of-care authorization automation or measurable approval rate improvements to compete with Cohere's clinical automation narrative
AI prior authorization software that integrates with Flatiron and Epic,cio,AI operationalization and governance in healthcare,Establish payer platform integration (similar to Cohere's Epic Payer Platform) and market outcome-based or pay-for-performance pricing models
AI prior authorization software that integrates with Flatiron and Epic,cio,AI operationalization and governance in healthcare,Create side-by-side comparison content showing RISA Labs' integration depth with both Epic and Flatiron ecosystems
AI prior authorization software that integrates with Flatiron and Epic,cio,AI operationalization and governance in healthcare,"Secure analyst recognition from GigaOm, Forrester, or Gartner in AI prior authorization category alongside Cohere, Waystar, and Rhyme"
Cohere Health vs Humata Health vs other prior authorization AI for oncology,cio,prior authorization automation,Develop or highlight oncology-specific prior authorization capabilities with NCCN/ASCO-aligned regimen logic if RISA Labs operates in this space
Cohere Health vs Humata Health vs other prior authorization AI for oncology,cio,prior authorization automation,"Establish partnerships with major EHR systems (Epic, Cerner, Flatiron) for ambient PA integration"
Cohere Health vs Humata Health vs other prior authorization AI for oncology,cio,prior authorization automation,Build case studies demonstrating approval automation rates and provider satisfaction scores for oncology PAs
Cohere Health vs Humata Health vs other prior authorization AI for oncology,cio,prior authorization automation,Secure payer customers and publish volume metrics (requests processed annually) to establish scale credibility
Cohere Health vs Humata Health vs other prior authorization AI for oncology,cio,prior authorization automation,"Create comparison content positioning RISA Labs against Cohere and Humata on oncology specificity, clinical depth, and EHR integration"
Cohere Health vs Humata Health vs other prior authorization AI for oncology,cio,prior authorization automation,"If RISA Labs is a provider-side tool, emphasize superior UX and real-time decision support at point of care versus payer-centric competitors"
Alternatives to manual prior authorization teams in oncology,cfo,FTE reduction in oncology operations,"Develop or position RISA Labs as an AI-powered prior authorization automation platform with oncology specialization, emphasizing time reduction (e.g., 50 min to <5 min per authorization)"
Alternatives to manual prior authorization teams in oncology,cfo,FTE reduction in oncology operations,Build oncology-specific integrations with major EHR systems and payers to support real-time ePA via FHIR APIs
Alternatives to manual prior authorization teams in oncology,cfo,FTE reduction in oncology operations,"Create case studies demonstrating RISA Labs' performance vs. manual teams, with metrics on speed, rejection rates, and clinical outcomes"
Alternatives to manual prior authorization teams in oncology,cfo,FTE reduction in oncology operations,Partner with oncology practices to demonstrate compliance with emerging CMS FHIR API mandates (January 2027 deadline)
Alternatives to manual prior authorization teams in oncology,cfo,FTE reduction in oncology operations,"Develop agentic AI capabilities that handle end-to-end PA workflows without manual intervention, positioning RISA Labs as a next-generation solution"
Alternatives to manual prior authorization teams in oncology,cfo,FTE reduction in oncology operations,Integrate RISA Labs with gold carding programs to help identify high-performing providers eligible for PA exemptions
Alternatives to manual prior authorization teams in oncology,cfo,FTE reduction in oncology operations,Publish research on cost savings and care acceleration enabled by RISA Labs' automation relative to manual and legacy ePA processes
Which prior authorization AI works best for infusion and chemotherapy drugs?,cmo,oncology prior authorization,"Develop explicit positioning around J-code and medical benefit prior authorization for chemotherapy/infusion drugs, not just pharmacy benefit"
Which prior authorization AI works best for infusion and chemotherapy drugs?,cmo,oncology prior authorization,"Build native integrations with major oncology EHRs (iKnowMed, Flatiron) and general platforms (Epic, Cerner)"
Which prior authorization AI works best for infusion and chemotherapy drugs?,cmo,oncology prior authorization,Achieve and publicize CMS-0057-F FHIR API compliance ahead of January 2026 deadline
Which prior authorization AI works best for infusion and chemotherapy drugs?,cmo,oncology prior authorization,Create case studies demonstrating handling of complex multi-drug chemotherapy regimens and re-authorization cycles
Which prior authorization AI works best for infusion and chemotherapy drugs?,cmo,oncology prior authorization,Publish transparent comparisons showing RISA Labs' approach to auditable AI decisions (similar to Availity's no-auto-deny model)
Which prior authorization AI works best for infusion and chemotherapy drugs?,cmo,oncology prior authorization,Target either health plans (like Cohere) or provider-side unified PA (like Myndshft) and own that segment clearly
Which prior authorization AI works best for infusion and chemotherapy drugs?,cmo,oncology prior authorization,"Develop regimen-specific templates for high-volume oncology drugs (capecitabine, lenalidomide, infliximab, rituximab) to enable faster submission"
What is RISA Labs and what does it do for oncology practices?,ceo,prior authorization automation,Publish case studies from the 97.8% first-pass approval and 80% staff time savings to establish thought leadership
What is RISA Labs and what does it do for oncology practices?,ceo,prior authorization automation,"Create white papers on guideline-aware prior authorization execution (NCCN, ASCO alignment)"
What is RISA Labs and what does it do for oncology practices?,ceo,prior authorization automation,Develop content around interoperability solutions in distributed oncology networks
What is RISA Labs and what does it do for oncology practices?,ceo,prior authorization automation,Showcase integration capabilities with major EMR and payer systems
What is RISA Labs and what does it do for oncology practices?,ceo,prior authorization automation,"Highlight the technical architecture (agentic AI, LLMs, digital twins) in clinical IT publications"
What is RISA Labs and what does it do for oncology practices?,ceo,prior authorization automation,Produce webinars with early adopter partners demonstrating workflow before/after impact
What is RISA Labs and what does it do for oncology practices?,ceo,prior authorization automation,Build SEO content around 'prior authorization automation for oncology' and 'cancer care AI operations'
Is RISA Labs a good fit for community oncology prior authorization?,cro,oncology prior authorization,"Publish independent case studies from additional community oncology partners beyond current testimonials (NYCBS, unnamed cancer center)"
Is RISA Labs a good fit for community oncology prior authorization?,cro,oncology prior authorization,Develop detailed ROI calculator specific to small and mid-sized community practices (5-50 providers)
Is RISA Labs a good fit for community oncology prior authorization?,cro,oncology prior authorization,"Create EMR-specific implementation guides and timeline benchmarks for iKnowMed, Flatiron, Athena users"
Is RISA Labs a good fit for community oncology prior authorization?,cro,oncology prior authorization,Produce video testimonials from staff and providers at community practices showing before/after PA workflows
Is RISA Labs a good fit for community oncology prior authorization?,cro,oncology prior authorization,Offer free 30-day pilot program with documented metrics for community oncology groups considering adoption
Is RISA Labs a good fit for community oncology prior authorization?,cro,oncology prior authorization,"Publish white papers on prior authorization delay impact and mortality risk, positioning RISA as clinical as well as operational solution"
Is RISA Labs a good fit for community oncology prior authorization?,cro,oncology prior authorization,"Secure endorsements from community oncology associations (ASCO, Community Oncology Alliance) and medical societies"
How does RISA Labs reduce prior authorization staffing costs?,cfo,FTE reduction in oncology operations,"Publish detailed case studies with quantified ROI metrics (time savings, cost reductions, throughput improvements) to support the claims in this answer"
How does RISA Labs reduce prior authorization staffing costs?,cfo,FTE reduction in oncology operations,Create comparison content showing how BOSS differs from traditional RPA/chatbot solutions in healthcare
How does RISA Labs reduce prior authorization staffing costs?,cfo,FTE reduction in oncology operations,Develop thought leadership on the 'parallel digital workforce' concept as a healthcare staffing model
How does RISA Labs reduce prior authorization staffing costs?,cfo,FTE reduction in oncology operations,Produce video testimonials from the cancer center highlighting operational and patient impact
How does RISA Labs reduce prior authorization staffing costs?,cfo,FTE reduction in oncology operations,Build content around BOSS's integration capabilities with major EMR systems like Flatiron Health
How does RISA Labs reduce prior authorization staffing costs?,cfo,FTE reduction in oncology operations,"Create vertical-specific landing pages for oncology, cardiology, and other high-prior-auth specialties"
How does RISA Labs reduce prior authorization staffing costs?,cfo,FTE reduction in oncology operations,Publish white papers on the economics of AI orchestration vs. traditional staffing models
Does RISA Labs integrate with oncology EHRs and payer portals?,cio,AI operationalization and governance in healthcare,Publish detailed case studies showing measurable time savings and workflow improvements for oncology practices using RISA integrations
Does RISA Labs integrate with oncology EHRs and payer portals?,cio,AI operationalization and governance in healthcare,Create comparison matrix highlighting RISA's 90+ EHR integrations vs. competitor limitations
Does RISA Labs integrate with oncology EHRs and payer portals?,cio,AI operationalization and governance in healthcare,Develop technical documentation on FHIR/HL7 compliance and data governance for healthcare IT decision-makers
Does RISA Labs integrate with oncology EHRs and payer portals?,cio,AI operationalization and governance in healthcare,Showcase NCCN guideline integration as differentiator in prior authorization accuracy
Does RISA Labs integrate with oncology EHRs and payer portals?,cio,AI operationalization and governance in healthcare,Produce video demos of end-to-end payer portal submission workflows with Availity and other major payers
Does RISA Labs integrate with oncology EHRs and payer portals?,cio,AI operationalization and governance in healthcare,Obtain third-party validation of integration breadth and interoperability claims
RISA Labs vs Ascertain vs Humata Health for oncology prior authorization,cio,prior authorization automation,Publish detailed ROI case study from the named leading U.S. cancer center showing the 30-min → 5-min reduction and 66% cost savings
RISA Labs vs Ascertain vs Humata Health for oncology prior authorization,cio,prior authorization automation,Develop and promote white papers on oncology-specific workflow complexity vs. multi-specialty platforms
RISA Labs vs Ascertain vs Humata Health for oncology prior authorization,cio,prior authorization automation,Secure additional customer case studies and testimonials from academic medical centers to reinforce the cancer-center positioning
RISA Labs vs Ascertain vs Humata Health for oncology prior authorization,cio,prior authorization automation,Highlight BOSS technology and its orchestration architecture in educational content vs. point-solution competitors
RISA Labs vs Ascertain vs Humata Health for oncology prior authorization,cio,prior authorization automation,Create comparison tools or frameworks emphasizing oncology depth and vertical specialization as differentiators
RISA Labs vs Ascertain vs Humata Health for oncology prior authorization,cio,prior authorization automation,Accelerate market presence and citations in oncology trade publications and conference proceedings
